time_s,Vin_V,Vc_V
0.0,-0.0160804018,0.0006113877794343371
4.999999999999579e-07,-0.0241206028,-0.004863546751968855
1.0000000000000243e-06,-0.0201005023,0.0004952264686631282
1.4999999999999823e-06,-0.0241206028,-0.0004870160044583474
2.0000000000000486e-06,-0.0160804018,0.010234897710425309
2.5000000000000066e-06,-0.0180904521,-0.007512270563045379
2.9999999999999645e-06,-0.0201005023,0.010050217050935647
3.500000000000031e-06,-0.0241206028,0.0004840688138583335
3.999999999999989e-06,-0.0241206028,-0.005061226248424269
4.500000000000055e-06,-0.0321608037,-0.005902670524066641
5.000000000000013e-06,-0.0321608037,-0.005180888954255681
5.499999999999971e-06,-0.0221105525,-0.010006884988028602
6.000000000000037e-06,-0.0321608037,0.000506923826914874
6.499999999999995e-06,-0.0321608037,0.0013827668263202567
7.000000000000062e-06,-0.0361809041,-0.001152941280903647
7.50000000000002e-06,-0.0321608037,-0.003627252332660446
7.999999999999978e-06,-0.0321608037,-0.004083870613654432
8.500000000000044e-06,-0.0341708539,0.00694565615161399
9.000000000000002e-06,-0.0402010046,0.005298516729388391
9.49999999999996e-06,-0.0402010046,0.008527225903975961
1.0000000000000026e-05,-0.0482412055,-0.0003023999015066151
1.0499999999999984e-05,-0.0462311553,-0.0012857195359898483
1.100000000000005e-05,-0.052261306,-0.004144559551764901
1.1500000000000008e-05,-0.0562814064,0.009631357882363755
1.200000000000002e-05,-0.0482412055,0.002526575880325875
1.2500000000000033e-05,-0.0482412055,-0.002659259267243695
1.299999999999999e-05,-0.0562814064,0.0008960399444496159
1.3500000000000003e-05,-0.0502512557,0.020837246377892433
1.4000000000000015e-05,-0.0482412055,0.0016655917448441246
1.4500000000000027e-05,-0.0562814064,0.0025217616697182843
1.4999999999999985e-05,-0.0562814064,0.002864792416986237
1.5499999999999997e-05,-0.0562814064,0.004210828062356059
1.600000000000001e-05,-0.0643216074,-0.0054830029877729405
1.650000000000002e-05,-0.0643216074,0.0037968980669076707
1.7000000000000034e-05,-0.0562814064,0.0011649973030466631
1.749999999999999e-05,-0.0643216074,-4.092050899822209e-05
1.8000000000000004e-05,-0.0723618083,0.0013873783995862281
1.8500000000000016e-05,-0.0723618083,0.0037579849249800954
1.9000000000000028e-05,-0.0643216074,-0.0046992860274929224
1.9499999999999986e-05,-0.0723618083,-0.0015010475594041024
1.9999999999999998e-05,-0.0723618083,-0.007023492516051123
2.050000000000001e-05,-0.0743718585,-0.0009962161151599062
2.1000000000000023e-05,-0.0844221096,-0.0036922474690381725
2.1500000000000035e-05,-0.0723618083,-0.010044249044397515
2.1999999999999993e-05,-0.0804020092,-0.012710757063021973
2.2500000000000005e-05,-0.0804020092,0.0013841074903586097
2.3000000000000017e-05,-0.0804020092,-0.0006611266556237978
2.350000000000003e-05,-0.0864321599,-0.003427129869994476
2.3999999999999987e-05,-0.0884422101,0.0033164826591874186
2.45e-05,-0.0884422101,-0.003912081725235471
2.500000000000001e-05,-0.0884422101,-0.003243548089840092
2.5500000000000024e-05,-0.0884422101,-0.010902576059631785
2.6000000000000036e-05,-0.0884422101,0.0033517326358305437
2.6499999999999994e-05,-0.0904522603,-0.006910708436615499
2.7000000000000006e-05,-0.0924623106,0.0011765931145570993
2.7500000000000018e-05,-0.096482411,-0.0024697939512932283
2.800000000000003e-05,-0.096482411,-0.004846486514409052
2.8499999999999988e-05,-0.1025125617,0.0032790441014641366
2.9e-05,-0.0924623106,0.005244355470229841
2.9500000000000012e-05,-0.0984924613,-0.013036178649324864
3.0000000000000024e-05,-0.1045226119,0.00018631053648651997
3.0500000000000037e-05,-0.1105527626,-0.004130068990558122
3.0999999999999995e-05,-0.1045226119,-0.0018276805700740142
3.150000000000001e-05,-0.1105527626,0.0008434529918200274
3.200000000000002e-05,-0.1045226119,-0.01565035767952021
3.250000000000003e-05,-0.1105527626,0.0019211567301207451
3.299999999999999e-05,-0.1085427124,-0.007614549569883501
3.35e-05,-0.1105527626,-0.003558861413963942
3.400000000000001e-05,-0.1125628129,-0.0005580469250676651
3.4500000000000025e-05,-0.1125628129,-0.0015572114491673914
3.499999999999998e-05,-0.1165829133,-0.002226022210829031
3.5499999999999996e-05,-0.1206030138,0.0010902234987715176
3.600000000000001e-05,-0.1206030138,0.007297205914953047
3.650000000000002e-05,-0.1145728631,-0.016251558729436018
3.700000000000003e-05,-0.1165829133,-0.0048189917425479805
3.749999999999999e-05,-0.122613064,0.002520991132816239
3.8e-05,-0.1206030138,-0.011879302685639123
3.8500000000000014e-05,-0.1286432147,-0.0005374860751395409
3.9000000000000026e-05,-0.1286432147,0.0007643171895070324
3.9499999999999984e-05,-0.122613064,-0.006618996091073428
3.9999999999999996e-05,-0.1286432147,-0.005839685851266788
4.050000000000001e-05,-0.1286432147,0.003944537700311895
4.100000000000002e-05,-0.1366834156,0.0018126769982852728
4.150000000000003e-05,-0.1346733654,-0.024334760508428893
4.199999999999999e-05,-0.1366834156,-0.008874957667581293
4.25e-05,-0.1306532649,-0.02518862912952884
4.3000000000000015e-05,-0.1366834156,-0.020318941624278428
4.350000000000003e-05,-0.1427135663,-0.010478644784044677
4.3999999999999985e-05,-0.1286432147,0.0001550501818579852
4.45e-05,-0.1427135663,0.010311578018704763
4.500000000000001e-05,-0.1366834156,0.006151762700496138
4.550000000000002e-05,-0.1447236165,-0.0013337585140494265
4.6000000000000034e-05,-0.1447236165,-0.011521297822184046
4.649999999999999e-05,-0.1507537672,-0.003567746686402961
4.7000000000000004e-05,-0.148743717,-0.005550485879914066
4.7500000000000016e-05,-0.1507537672,-0.006681181155600152
4.800000000000003e-05,-0.1447236165,-0.00538730228291321
4.8499999999999986e-05,-0.1467336668,-0.01662197421347206
4.9e-05,-0.1527638175,0.0011946041922828703
4.950000000000001e-05,-0.1587939681,-0.012261984995098372
5.000000000000002e-05,-0.1608040184,-0.010160214511343383
5.0500000000000035e-05,-0.1608040184,0.0013762358079792306
5.099999999999999e-05,-0.1527638175,-0.0068170443035954756
5.1500000000000005e-05,-0.1587939681,-0.0052990807696846505
5.200000000000002e-05,-0.1608040184,-0.008039117082530762
5.250000000000003e-05,-0.1688442193,-0.012360847329551705
5.299999999999999e-05,-0.1688442193,-0.00491141370307785
5.35e-05,-0.1628140686,-0.007418365916989764
5.400000000000001e-05,-0.1608040184,-0.029182909634410146
5.4500000000000024e-05,-0.1688442193,-0.006311763546733744
5.5000000000000036e-05,-0.1768844202,-0.010938954495249321
5.5499999999999994e-05,-0.1708542695,-0.02069854227595324
5.6000000000000006e-05,-0.1768844202,-0.003519325775737801
5.650000000000002e-05,-0.1768844202,-0.0021382685236371883
5.700000000000003e-05,-0.1768844202,-0.013577249581291162
5.749999999999999e-05,-0.17487437,-0.0020716712594377237
5.8e-05,-0.1768844202,-0.010172495587485654
5.850000000000001e-05,-0.1849246211,-0.01169362591307076
5.9000000000000025e-05,-0.1768844202,-0.020347833751274486
5.950000000000004e-05,-0.1768844202,-0.0024712063287780197
5.9999999999999995e-05,-0.1929648221,-0.013879618239689187
6.050000000000001e-05,-0.1869346714,-0.020821519044710773
6.100000000000002e-05,-0.1889447216,-0.02438227918949883
6.150000000000003e-05,-0.1869346714,-0.014293073044331417
6.199999999999999e-05,-0.1929648221,-0.015563663134072663
6.25e-05,-0.1849246211,-0.00045557425058281555
6.300000000000001e-05,-0.1929648221,-0.023550950374753087
6.350000000000003e-05,-0.1929648221,-0.0024530566506511834
6.399999999999998e-05,-0.1929648221,0.0041308531753790866
6.45e-05,-0.1989949727,-0.028940338470271536
6.500000000000001e-05,-0.1929648221,-0.03127136893343358
6.550000000000002e-05,-0.1989949727,-0.009472158183641631
6.600000000000003e-05,-0.201005023,-0.014384723728463696
6.649999999999999e-05,-0.201005023,-0.027443580575073692
6.7e-05,-0.201005023,-0.00951630206034345
6.750000000000001e-05,-0.201005023,-0.007127152978549735
6.800000000000003e-05,-0.2090452239,-0.025826203667279193
6.849999999999998e-05,-0.2030150732,-0.013913305683138661
6.9e-05,-0.2050251234,0.00421063615194634
6.950000000000001e-05,-0.2070351737,-0.020483113760077876
7.000000000000002e-05,-0.2090452239,-0.0256682274693325
7.050000000000003e-05,-0.2070351737,-0.004726700623052812
7.099999999999999e-05,-0.2050251234,-0.011074904157145923
7.15e-05,-0.2150753746,-0.01903494886686547
7.200000000000002e-05,-0.2090452239,-0.013497405113515284
7.250000000000003e-05,-0.2170854248,-0.025454734530205313
7.299999999999999e-05,-0.2170854248,-0.012351075708486658
7.35e-05,-0.219095475,-0.023925480039086098
7.400000000000001e-05,-0.2170854248,-0.01401189846780995
7.450000000000002e-05,-0.2231155755,-0.009662957192035413
7.500000000000003e-05,-0.2170854248,-0.02817520926415483
7.549999999999999e-05,-0.219095475,-0.020039842544408257
7.6e-05,-0.2251256257,-0.009554300040182696
7.650000000000002e-05,-0.2231155755,-0.0210528082112532
7.700000000000003e-05,-0.2251256257,-0.018078442495375966
7.749999999999999e-05,-0.2251256257,-0.02392357119189126
7.8e-05,-0.2331658266,-0.015015849022423656
7.850000000000001e-05,-0.2351758769,-0.024478164857133184
7.900000000000002e-05,-0.2371859271,-0.02018898028306812
7.950000000000004e-05,-0.2331658266,-0.024035089142692805
7.999999999999999e-05,-0.2412060276,-0.01247658272223384
8.05e-05,-0.2371859271,-0.015302816004198826
8.100000000000002e-05,-0.2412060276,-0.019573388255157947
8.150000000000003e-05,-0.2412060276,-0.027745215419806034
8.199999999999999e-05,-0.2412060276,-0.017398036122784937
8.25e-05,-0.2412060276,-0.016107609741573617
8.300000000000001e-05,-0.2412060276,-0.023448900271575958
8.350000000000002e-05,-0.2432160778,-0.03170641014656009
8.400000000000004e-05,-0.2412060276,-0.027531286210159003
8.45e-05,-0.2472361783,-0.03399031468369619
8.5e-05,-0.245226128,-0.02266439262557039
8.550000000000002e-05,-0.2492462285,-0.0164865223645498
8.600000000000003e-05,-0.2572864294,-0.031177329260379107
8.649999999999999e-05,-0.2572864294,-0.02730390080036817
8.7e-05,-0.2572864294,-0.03201400653970517
8.750000000000001e-05,-0.2552763792,-0.01982871304755171
8.800000000000002e-05,-0.2572864294,-0.03310082819109339
8.850000000000004e-05,-0.2552763792,-0.011369937413599483
8.9e-05,-0.2572864294,-0.03138200853306082
8.950000000000001e-05,-0.2592964796,-0.0350319262465434
9.000000000000002e-05,-0.2572864294,-0.02692938632507838
9.050000000000003e-05,-0.2592964796,-0.026074610180832763
9.099999999999999e-05,-0.2613065299,-0.04805605573701331
9.15e-05,-0.271356781,-0.023051044503430818
9.200000000000001e-05,-0.2653266303,-0.014520549111912539
9.250000000000003e-05,-0.2633165801,-0.02237225273690254
9.299999999999998e-05,-0.2572864294,-0.03265078122760908
9.35e-05,-0.2653266303,-0.022240486595318167
9.400000000000001e-05,-0.2733668312,-0.02782409963321801
9.450000000000002e-05,-0.2733668312,-0.040390880167489006
9.500000000000003e-05,-0.2733668312,-0.026023547312008847
9.549999999999999e-05,-0.2733668312,-0.025765008476734845
9.6e-05,-0.2733668312,-0.026756206196433287
9.650000000000001e-05,-0.2753768815,-0.03163620185091582
9.700000000000003e-05,-0.2814070322,-0.020408023887070956
9.749999999999998e-05,-0.2733668312,-0.03586518846366801
9.8e-05,-0.2814070322,-0.026661725295787208
9.850000000000001e-05,-0.2834170824,-0.027560597062473508
9.900000000000002e-05,-0.2814070322,-0.01326075296000396
9.950000000000003e-05,-0.2814070322,-0.03037128854484801
9.999999999999999e-05,-0.2814070322,-0.03219738801835813
0.0001005,-0.2854271326,-0.02546372963930984
0.00010100000000000002,-0.2894472331,-0.023144740582226923
0.00010150000000000003,-0.2894472331,-0.04387408899190149
0.00010199999999999999,-0.2894472331,-0.021003677669531828
0.0001025,-0.2894472331,-0.016016054851235723
0.00010300000000000001,-0.2894472331,-0.03343972574897009
0.00010350000000000002,-0.2894472331,-0.02118919695227633
0.00010400000000000003,-0.297487434,-0.05165817979735624
0.00010449999999999999,-0.2894472331,-0.03729197135528474
0.000105,-0.297487434,-0.03806897376942117
0.00010550000000000002,-0.2894472331,-0.056079227137390254
0.00010600000000000003,-0.297487434,-0.0534648831499664
0.00010649999999999999,-0.297487434,-0.030650047305524026
0.000107,-0.3015075345,-0.03469461038677509
0.00010750000000000001,-0.2994974842,-0.05085219611495815
0.00010800000000000002,-0.3055276349,-0.04711044161994563
0.00010850000000000004,-0.3035175847,-0.05076250125401723
0.00010899999999999999,-0.3015075345,-0.030452090706059667
0.0001095,-0.3015075345,-0.034483298353787654
0.00011000000000000002,-0.3055276349,-0.04147154095731498
0.00011050000000000003,-0.2994974842,-0.033845838941578624
0.00011099999999999999,-0.3055276349,-0.03945506010769839
0.0001115,-0.3055276349,-0.04115549161380998
0.00011200000000000001,-0.3135678358,-0.04322242413689445
0.00011250000000000002,-0.3115577856,-0.029862271367432438
0.00011300000000000004,-0.3135678358,-0.04923527086131818
0.0001135,-0.3095477354,-0.04745102912128321
0.000114,-0.3135678358,-0.05116312581449202
0.00011450000000000002,-0.3135678358,-0.0468991393291931
0.00011500000000000003,-0.3135678358,-0.03946808169510022
0.00011549999999999999,-0.3135678358,-0.04512503630476716
0.000116,-0.3055276349,-0.02642825970214277
0.00011650000000000001,-0.3256281372,-0.04241710965759054
0.00011700000000000002,-0.3135678358,-0.039180239524699234
0.00011750000000000004,-0.3216080368,-0.039123413486567074
0.000118,-0.3296482377,-0.046430364576877554
0.00011850000000000001,-0.3216080368,-0.057629810133545324
0.00011900000000000002,-0.3216080368,-0.042397744563943206
0.00011950000000000003,-0.3276381874,-0.05312071915331797
0.00011999999999999999,-0.3296482377,-0.037267067363657376
0.0001205,-0.3316582879,-0.04375680817713123
0.00012100000000000001,-0.3336683381,-0.054817745179155365
0.00012150000000000003,-0.3296482377,-0.04040034069484652
0.00012199999999999998,-0.3296482377,-0.038041666656805785
0.0001225,-0.3376884386,-0.046463364934128844
0.000123,-0.3336683381,-0.04702548733296093
0.00012350000000000002,-0.3376884386,-0.039887087910496596
0.00012400000000000003,-0.3376884386,-0.05282388362065541
0.0001245,-0.3437185893,-0.03944329711803561
0.000125,-0.3376884386,-0.03550024552687451
0.00012550000000000001,-0.3376884386,-0.05379886709358567
0.00012600000000000003,-0.3376884386,-0.07191484124646479
0.00012649999999999998,-0.3396984888,-0.03162091536460411
0.000127,-0.3417085391,-0.054182990973921374
0.0001275,-0.3396984888,-0.05168598079770905
0.00012800000000000002,-0.3457286395,-0.053956394243677604
0.00012850000000000003,-0.3457286395,-0.057045797578895815
0.000129,-0.3417085391,-0.04963249979467131
0.0001295,-0.3477386897,-0.04724232748555243
0.00013000000000000002,-0.3457286395,-0.03916457547143221
0.00013050000000000003,-0.3457286395,-0.04730594599768704
0.00013099999999999999,-0.3457286395,-0.046579390354550575
0.0001315,-0.3457286395,-0.06400186725804016
0.000132,-0.3457286395,-0.05463783246027162
0.00013250000000000002,-0.3517587902,-0.05742705686931946
0.00013300000000000003,-0.3457286395,-0.05526551799914507
0.0001335,-0.3537688404,-0.05147710396522809
0.000134,-0.3537688404,-0.05022299126087198
0.00013450000000000002,-0.3557788907,-0.03683358075317933
0.00013500000000000003,-0.3537688404,-0.04656402823879711
0.0001355,-0.3597989911,-0.0591895240402406
0.000136,-0.3537688404,-0.06510249510515219
0.0001365,-0.3557788907,-0.05229572829927521
0.00013700000000000002,-0.3577889409,-0.062057481110820566
0.00013750000000000004,-0.3618090414,-0.05665510023764032
0.000138,-0.3618090414,-0.046782984447382304
0.0001385,-0.3618090414,-0.0586653152064062
0.00013900000000000002,-0.3658291418,-0.04860834059317737
0.00013950000000000003,-0.3698492423,-0.06373554300080207
0.00014,-0.3618090414,-0.05311187907158366
0.0001405,-0.3618090414,-0.07188322746311236
0.000141,-0.3658291418,-0.054255060650851616
0.00014150000000000002,-0.367839192,-0.05793253214163832
0.00014200000000000004,-0.3698492423,-0.07003619282621318
0.0001425,-0.3698492423,-0.051648827093005625
0.000143,-0.3738693427,-0.05576957062195699
0.00014350000000000002,-0.3638190916,-0.05646338393260188
0.00014400000000000003,-0.3698492423,-0.061577346255173596
0.0001445,-0.3718592925,-0.062443343029721786
0.000145,-0.3698492423,-0.05960101479937989
0.0001455,-0.3778894432,-0.07375123357173297
0.00014600000000000003,-0.3778894432,-0.06457235676416156
0.00014650000000000004,-0.3778894432,-0.06309610795881374
0.000147,-0.3778894432,-0.06288341897142118
0.0001475,-0.3778894432,-0.07825907974800472
0.00014800000000000002,-0.3778894432,-0.06331986932350162
0.00014850000000000003,-0.3738693427,-0.05608445013772057
0.000149,-0.3859296441,-0.06402975219329447
0.0001495,-0.3798994934,-0.06464610938070683
0.00015000000000000001,-0.3859296441,-0.06827101767115633
0.00015050000000000003,-0.3798994934,-0.07081960028102441
0.00015099999999999998,-0.3778894432,-0.06992719522632354
0.0001515,-0.3859296441,-0.05803769139877194
0.000152,-0.3859296441,-0.06302230944288936
0.00015250000000000002,-0.3839195939,-0.07585440256131433
0.00015300000000000003,-0.3899497446,-0.06311154269092416
0.0001535,-0.3919597948,-0.06724113682968916
0.000154,-0.393969845,-0.0883090631622718
0.00015450000000000001,-0.3879396943,-0.061237177922644645
0.00015500000000000003,-0.3859296441,-0.07475628970352903
0.00015549999999999999,-0.3999999957,-0.07128089046006944
0.000156,-0.3859296441,-0.07672658337596676
0.0001565,-0.3919597948,-0.06638333284372779
0.00015700000000000002,-0.393969845,-0.06934359147001921
0.00015750000000000003,-0.393969845,-0.07194292305359377
0.000158,-0.393969845,-0.07313674243426203
0.0001585,-0.3959798953,-0.07556127913124663
0.00015900000000000002,-0.3979899455,-0.06738577505234347
0.00015950000000000003,-0.3999999957,-0.07747107987835071
0.00015999999999999999,-0.4020100459,-0.06620931111469996
0.0001605,-0.4040200962,-0.06637445184518687
0.000161,-0.4020100459,-0.08293963907810814
0.00016150000000000002,-0.393969845,-0.07187256469706978
0.00016200000000000003,-0.4020100459,-0.07990384555272038
0.0001625,-0.4080401966,-0.0731367478568079
0.000163,-0.3979899455,-0.08845272238143506
0.00016350000000000002,-0.4040200962,-0.08689792545300569
0.00016400000000000003,-0.4020100459,-0.06959106818019858
0.0001645,-0.4080401966,-0.07653678567079217
0.000165,-0.4100502469,-0.08897588565606968
0.0001655,-0.4100502469,-0.08316115242518841
0.00016600000000000002,-0.4020100459,-0.08565648273486139
0.00016650000000000004,-0.4100502469,-0.0780881192391954
0.000167,-0.4060301464,-0.07290754764237872
0.0001675,-0.4040200962,-0.076398862666828
0.00016800000000000002,-0.4100502469,-0.0872526194880164
0.00016850000000000003,-0.4100502469,-0.08058197044703146
0.000169,-0.4100502469,-0.08533399803803057
0.0001695,-0.4040200962,-0.08385159099263095
0.00017,-0.4180904478,-0.07887926288663985
0.00017050000000000002,-0.4100502469,-0.0953266677987193
0.00017100000000000004,-0.4180904478,-0.08359631772200377
0.0001715,-0.4180904478,-0.08433266808482626
0.000172,-0.4100502469,-0.08402883153506056
0.00017250000000000002,-0.4140703473,-0.10156247634439558
0.00017300000000000003,-0.4140703473,-0.09083223537093149
0.0001735,-0.4180904478,-0.08496802402728257
0.000174,-0.4180904478,-0.08643436427571816
0.0001745,-0.4241205985,-0.08189899522487948
0.00017500000000000003,-0.4180904478,-0.073439582152062
0.00017550000000000004,-0.4160803976,-0.09093821498083202
0.000176,-0.4180904478,-0.0910951027107146
0.0001765,-0.4241205985,-0.08873806555247304
0.00017700000000000002,-0.4221105482,-0.08314884151446927
0.00017750000000000003,-0.4261306487,-0.07927503447498348
0.000178,-0.4261306487,-0.08867223254367566
0.0001785,-0.4241205985,-0.08978831157986616
0.00017900000000000001,-0.4261306487,-0.0788805398522528
0.00017950000000000003,-0.4120602971,-0.09042361117250747
0.00017999999999999998,-0.4261306487,-0.09835327790451552
0.0001805,-0.4261306487,-0.086260952145536
0.000181,-0.4301507492,-0.07668323125894602
0.00018150000000000002,-0.4341708496,-0.08748391702281053
0.00018200000000000003,-0.4180904478,-0.09077579716550181
0.0001825,-0.4321607994,-0.09163009400080102
0.000183,-0.4301507492,-0.09220741012257995
0.00018350000000000002,-0.4321607994,-0.09314254536689529
0.00018400000000000003,-0.4261306487,-0.10089675401166731
0.00018449999999999999,-0.4341708496,-0.10455112004331318
0.000185,-0.4301507492,-0.0851885125428457
0.0001855,-0.4261306487,-0.08982482259742508
0.00018600000000000002,-0.4341708496,-0.08533424170703233
0.00018650000000000003,-0.4341708496,-0.10551798125180796
0.000187,-0.4381909501,-0.08598119165976431
0.0001875,-0.4321607994,-0.08100184718025055
0.00018800000000000002,-0.4341708496,-0.09151538937153468
0.00018850000000000003,-0.4361808999,-0.10788760836020785
0.00018899999999999999,-0.4301507492,-0.0998243896387968
0.0001895,-0.4341708496,-0.10061508504910527
0.00019,-0.4341708496,-0.0977894608357338
0.00019050000000000002,-0.4341708496,-0.10318236523718143
0.00019100000000000003,-0.4381909501,-0.10405328406809089
0.0001915,-0.4442211008,-0.10689198232937751
0.000192,-0.4422110505,-0.09249880881664685
0.00019250000000000002,-0.4381909501,-0.11173622647812088
0.00019300000000000003,-0.4422110505,-0.0891630328814124
0.0001935,-0.4422110505,-0.10406580266992674
0.000194,-0.4341708496,-0.08956901401762983
0.0001945,-0.4422110505,-0.10549553195696826
0.00019500000000000002,-0.4381909501,-0.10524301465927893
0.00019550000000000004,-0.4402010003,-0.11308094776059262
0.000196,-0.4422110505,-0.1180119425641972
0.0001965,-0.4422110505,-0.11693336393914561
0.00019700000000000002,-0.4422110505,-0.09857090729816241
0.00019750000000000003,-0.4422110505,-0.10245456526076553
0.000198,-0.4502512515,-0.10946578950888754
0.0001985,-0.4402010003,-0.11353194666689904
0.000199,-0.4381909501,-0.11308822447942679
0.00019950000000000002,-0.4422110505,-0.11546262822134784
0.00020000000000000004,-0.4422110505,-0.09946678817673832
0.0002005,-0.4482412012,-0.12397612221573309
0.000201,-0.4502512515,-0.11397076711341508
0.00020150000000000002,-0.4422110505,-0.1078969271334793
0.00020200000000000003,-0.4422110505,-0.11214500334912669
0.0002025,-0.4502512515,-0.1198645929659926
0.000203,-0.446231151,-0.11347715053502279
0.0002035,-0.4422110505,-0.1029689191101225
0.00020400000000000003,-0.4502512515,-0.11853273225935969
0.00020449999999999998,-0.4442211008,-0.11425982664230917
0.000205,-0.446231151,-0.10049905846760235
0.0002055,-0.4482412012,-0.10915462043534027
0.00020600000000000002,-0.4502512515,-0.10771109746893524
0.00020650000000000003,-0.4502512515,-0.1135880302153297
0.000207,-0.446231151,-0.10800032951562981
0.0002075,-0.4562814022,-0.11653305528350341
0.00020800000000000001,-0.4422110505,-0.1207288157704652
0.00020850000000000003,-0.4442211008,-0.12535927815784031
0.00020899999999999998,-0.4502512515,-0.10978706257525299
0.0002095,-0.4562814022,-0.10194297009422135
0.00021,-0.4502512515,-0.11340772038299113
0.00021050000000000002,-0.4502512515,-0.11018453043318202
0.00021100000000000003,-0.4582914524,-0.1255750468551249
0.0002115,-0.4502512515,-0.10969307792693136
0.000212,-0.4582914524,-0.12022425621225794
0.00021250000000000002,-0.4582914524,-0.11878477591617727
0.00021300000000000003,-0.4542713519,-0.10844113136230875
0.00021349999999999999,-0.4562814022,-0.1016940318109637
0.000214,-0.4582914524,-0.109963841135919
0.0002145,-0.4582914524,-0.1227411364640393
0.00021500000000000002,-0.4542713519,-0.11874790641677009
0.00021550000000000003,-0.4562814022,-0.11903234370412745
0.000216,-0.4582914524,-0.11910655980824794
0.0002165,-0.4502512515,-0.1122724644324233
0.00021700000000000002,-0.4582914524,-0.11948397258684408
0.00021750000000000003,-0.4562814022,-0.1122822619260463
0.00021799999999999999,-0.4582914524,-0.10477369684974766
0.0002185,-0.4562814021,-0.12389654942540297
0.000219,-0.4582914524,-0.12951278515694953
0.00021950000000000002,-0.4643216031,-0.11621067312073927
0.00022000000000000003,-0.4582914524,-0.13292153635411744
0.0002205,-0.4582914524,-0.12104632400035495
0.000221,-0.4582914524,-0.1283348879344548
0.00022150000000000002,-0.4522613017,-0.12270500223180383
0.00022200000000000003,-0.4582914524,-0.11034659025612988
0.0002225,-0.4603015026,-0.12579118348756205
0.000223,-0.4623115528,-0.12003446437508598
0.0002235,-0.4643216031,-0.1332004166088607
0.00022400000000000002,-0.4663316533,-0.12970069910940518
0.00022450000000000004,-0.4643216031,-0.12987234656730443
0.000225,-0.4582914524,-0.11294336331598757
0.0002255,-0.4663316533,-0.12063603444542434
0.00022600000000000002,-0.4663316533,-0.1207697415773329
0.00022650000000000003,-0.4643216031,-0.13128424567798327
0.000227,-0.4623115528,-0.12279836624964824
0.0002275,-0.4643216031,-0.13060859632496247
0.000228,-0.4582914524,-0.12915766743550397
0.00022850000000000002,-0.4582914524,-0.12082021939815416
0.00022900000000000004,-0.4623115528,-0.14162778209290583
0.0002295,-0.4582914524,-0.12739338388946017
0.00023,-0.4582914524,-0.11869135998626906
0.00023050000000000002,-0.4643216031,-0.12030019283812667
0.00023100000000000003,-0.4623115528,-0.13114944312734564
0.0002315,-0.4643216031,-0.13019706577647092
0.000232,-0.4582914524,-0.13187511450294168
0.0002325,-0.4663316533,-0.13099382852259392
0.00023300000000000003,-0.4623115528,-0.1314166472648831
0.00023349999999999998,-0.4643216031,-0.12707437683598827
0.000234,-0.4663316533,-0.12471920445978338
0.0002345,-0.4582914524,-0.1265675791406382
0.00023500000000000002,-0.4663316533,-0.12451357684350073
0.00023550000000000003,-0.4663316533,-0.1261501965949487
0.000236,-0.4582914524,-0.14220345036359003
0.0002365,-0.4663316533,-0.13129078056742313
0.00023700000000000001,-0.4663316533,-0.1247606427509652
0.00023750000000000003,-0.4663316533,-0.12205372835145151
0.00023799999999999998,-0.4663316533,-0.1346637146312015
0.0002385,-0.4643216031,-0.13539731690489776
0.000239,-0.4663316533,-0.1342272285992129
0.00023950000000000002,-0.4643216031,-0.13893091159440232
0.00024000000000000003,-0.4663316533,-0.130263610921814
0.0002405,-0.4603015026,-0.13144003041964653
0.000241,-0.4623115528,-0.12463550728577329
0.00024150000000000002,-0.4663316533,-0.14850378798756983
0.00024200000000000003,-0.4663316533,-0.1560394115670533
0.00024249999999999999,-0.4603015026,-0.13180555050475873
0.000243,-0.4703517538,-0.1414041718461577
0.0002435,-0.4683417035,-0.13464170760262886
0.00024400000000000002,-0.4663316533,-0.13937462836319506
0.00024450000000000003,-0.4663316533,-0.13780037243636634
0.000245,-0.4703517538,-0.14957992704675327
0.0002455,-0.4603015026,-0.13094450973383265
0.000246,-0.4663316533,-0.15550340773956026
0.00024650000000000003,-0.4643216031,-0.14442811030941166
0.000247,-0.4663316533,-0.1328297117286458
0.0002475,-0.4663316533,-0.13889196059439352
0.000248,-0.4743718542,-0.1397532109023571
0.0002485,-0.4643216031,-0.14078978008794704
0.00024900000000000004,-0.4663316533,-0.1623758668186027
0.0002495,-0.4663316533,-0.14518826780301
0.00025,-0.4663316533,-0.14805449007987292
0.0002505,-0.4603015026,-0.1579829815698627
0.00025100000000000003,-0.4623115528,-0.14211449979898877
0.0002515,-0.4663316533,-0.14353302914800734
0.000252,-0.4582914524,-0.1456811557924861
0.0002525,-0.4663316533,-0.14210889141770483
0.000253,-0.4703517538,-0.15767528368210026
0.00025350000000000004,-0.4643216031,-0.15552905712519946
0.000254,-0.4582914524,-0.14991202531371015
0.0002545,-0.4643216031,-0.1508390458825713
0.000255,-0.4623115528,-0.15075141661066047
0.00025550000000000003,-0.4643216031,-0.15350739804171482
0.00025600000000000004,-0.4663316533,-0.1273183199849316
0.0002565,-0.4663316533,-0.14363720665951332
0.000257,-0.4663316533,-0.14396757127239018
0.0002575,-0.4603015026,-0.1625123095563451
0.000258,-0.4663316533,-0.1622057005912759
0.00025850000000000005,-0.4603015026,-0.1527460560039816
0.000259,-0.4663316533,-0.14185246602715756
0.0002595,-0.4663316533,-0.14293149690959045
0.00026000000000000003,-0.4582914524,-0.15317129056364692
0.0002605,-0.4643216031,-0.16584749577157054
0.000261,-0.4663316533,-0.15117974177209598
0.0002615,-0.4663316533,-0.16967288293925406
0.00026199999999999997,-0.4582914524,-0.1558663290946528
0.00026250000000000004,-0.4582914524,-0.17403735479793386
0.000263,-0.4623115528,-0.1598049668280772
0.0002635,-0.4582914524,-0.1562442557367924
0.000264,-0.4663316533,-0.14525755339965413
0.0002645,-0.4603015026,-0.15235548426951373
0.00026500000000000004,-0.4582914524,-0.1479726321034023
0.0002655,-0.4562814022,-0.14887465797124508
0.000266,-0.4663316533,-0.16671672024046555
0.0002665,-0.4582914524,-0.1655877655556565
0.000267,-0.4623115528,-0.14539934698551704
0.0002675,-0.4582914524,-0.15536454233353456
0.000268,-0.4663316533,-0.15280142207362513
0.0002685,-0.4643216031,-0.1583356062400634
0.00026900000000000003,-0.4582914524,-0.1778132234333753
0.0002695,-0.4643216031,-0.16175502571289482
0.00027,-0.4582914524,-0.15586149223130544
0.0002705,-0.4582914524,-0.17064420046461937
0.000271,-0.4582914524,-0.16058948755531877
0.00027150000000000004,-0.4663316533,-0.1581799166671613
0.000272,-0.4582914524,-0.16618691960771279
0.0002725,-0.4643216031,-0.16901945829135331
0.000273,-0.4582914524,-0.15431040904205728
0.0002735,-0.4562814022,-0.16874388334685908
0.00027400000000000005,-0.4663316533,-0.16312675707027452
0.0002745,-0.4582914524,-0.15549495794843204
0.000275,-0.4582914524,-0.1627257750927033
0.00027550000000000003,-0.4562814022,-0.15329333459226757
0.000276,-0.4582914524,-0.16503547436545465
0.0002765,-0.4522613017,-0.1634391823142524
0.000277,-0.4582914524,-0.18289800260348446
0.0002775,-0.4582914524,-0.15704969469303426
0.00027800000000000004,-0.4502512515,-0.16485786741750488
0.0002785,-0.4522613017,-0.16886923782798885
0.000279,-0.4542713519,-0.1623355367512202
0.0002795,-0.4522613017,-0.17078583120589227
0.00028,-0.4582914524,-0.1713125070890854
0.00028050000000000004,-0.4522613017,-0.17825833735787075
0.000281,-0.4582914524,-0.17041184252961178
0.0002815,-0.4582914524,-0.17466114325243315
0.000282,-0.4502512515,-0.1722292250024749
0.0002825,-0.4582914524,-0.16462319049142105
0.00028300000000000005,-0.4542713519,-0.16836862731300628
0.0002835,-0.4502512515,-0.16668355712180108
0.000284,-0.4582914524,-0.1663983133988557
0.00028450000000000003,-0.4502512515,-0.1623761155191227
0.000285,-0.4502512515,-0.16827795496934894
0.0002855,-0.4522613017,-0.17100785876650118
0.000286,-0.4502512515,-0.16630175596644764
0.00028649999999999997,-0.4522613017,-0.17369926626583498
0.00028700000000000004,-0.4502512515,-0.1613969488645007
0.0002875,-0.4562814022,-0.17431199488487403
0.000288,-0.4422110505,-0.17092043795346304
0.0002885,-0.4442211008,-0.18955821439039017
0.000289,-0.4542713519,-0.16729649396250026
0.00028950000000000004,-0.4562814022,-0.1769224370749025
0.00029,-0.4422110505,-0.17542776568164362
0.0002905,-0.4522613017,-0.17869426847033099
0.000291,-0.4502512515,-0.19034331141625685
0.0002915,-0.4502512515,-0.18727864551079937
0.00029200000000000005,-0.4502512515,-0.16454547386493093
0.0002925,-0.4502512515,-0.18557532703185928
0.000293,-0.446231151,-0.15493846775703032
0.00029350000000000003,-0.4442211008,-0.17951664460428718
0.000294,-0.4422110505,-0.1577832801950236
0.0002945,-0.4502512515,-0.18089862745353982
0.000295,-0.4422110505,-0.16624774186633118
0.00029549999999999997,-0.4502512515,-0.17495054885361805
0.00029600000000000004,-0.4422110505,-0.17179386386922318
0.0002965,-0.4422110505,-0.1636179496987853
0.000297,-0.4422110505,-0.17072703930713445
0.0002975,-0.4442211008,-0.1742618770171871
0.000298,-0.4422110505,-0.17294452491524698
0.00029850000000000005,-0.4422110505,-0.17749803254790358
0.000299,-0.4422110505,-0.17150589518074935
0.0002995,-0.4422110505,-0.18315945648971163
0.00030000000000000003,-0.4422110505,-0.1819826478967253
0.0003005,-0.4482412012,-0.187893525704802
0.000301,-0.4381909501,-0.1727769542214491
0.0003015,-0.4381909501,-0.171725679249102
0.000302,-0.4341708496,-0.17553860236436206
0.00030250000000000003,-0.4422110505,-0.17843217010139945
0.000303,-0.4422110505,-0.19036704781884295
0.0003035,-0.4402010003,-0.1764553096042011
0.000304,-0.4422110505,-0.1859293172303756
0.0003045,-0.4321607994,-0.18049686906534224
0.00030500000000000004,-0.4301507492,-0.16692060769246878
0.0003055,-0.4361808998,-0.17422087040627887
0.000306,-0.4261306487,-0.1881437257369959
0.0003065,-0.4402010003,-0.17950362505345713
0.000307,-0.4301507492,-0.17816323147793886
0.00030750000000000005,-0.4402010003,-0.2044658349755067
0.000308,-0.4341708496,-0.2029975348591433
0.0003085,-0.4422110505,-0.17953532887890755
0.00030900000000000003,-0.4301507492,-0.18029079189004416
0.0003095,-0.4321607994,-0.17569862404886855
0.00031,-0.4341708496,-0.19175451889749556
0.0003105,-0.4281406989,-0.1891367525697054
0.00031099999999999997,-0.4261306487,-0.19984402949691094
0.00031150000000000004,-0.4261306487,-0.1948512149162638
0.000312,-0.4261306487,-0.17050958345086786
0.0003125,-0.4341708496,-0.19323871289384045
0.000313,-0.4301507492,-0.18729469999617562
0.0003135,-0.4281406989,-0.18642202121795948
0.00031400000000000004,-0.4180904478,-0.1870021921308777
0.0003145,-0.420100498,-0.183591402108304
0.000315,-0.4261306487,-0.1782275406648001
0.0003155,-0.420100498,-0.19030581230196036
0.000316,-0.4261306487,-0.194741942473036
0.00031650000000000005,-0.4241205985,-0.20413341981020183
0.000317,-0.4140703473,-0.1959577621496937
0.0003175,-0.4180904478,-0.20478360457103492
0.00031800000000000003,-0.4261306487,-0.18901271972673753
0.0003185,-0.420100498,-0.1928470603602563
0.000319,-0.4221105482,-0.19308757384103253
0.0003195,-0.4180904478,-0.1790267454092375
0.00031999999999999997,-0.4180904478,-0.17525736697019675
0.00032050000000000004,-0.4180904478,-0.1908347982393225
0.000321,-0.4180904478,-0.18372101848692815
0.0003215,-0.4180904478,-0.19794766008179665
0.000322,-0.4180904478,-0.196246866083615
0.0003225,-0.4180904478,-0.20442553965180454
0.00032300000000000004,-0.4140703473,-0.19773859059351265
0.0003235,-0.4160803976,-0.1868636130706618
0.000324,-0.4100502469,-0.18944938375311454
0.00032450000000000003,-0.4100502469,-0.18840599747135933
0.000325,-0.4100502469,-0.19272539273657546
0.0003255,-0.4160803976,-0.1935610898336577
0.000326,-0.4180904478,-0.18921160947621993
0.0003265,-0.4120602971,-0.19452774423824687
0.00032700000000000003,-0.4060301464,-0.18571371936034317
0.0003275,-0.4020100459,-0.19956490202461336
0.000328,-0.4100502469,-0.19760077571641194
0.0003285,-0.4080401966,-0.1852749097427892
0.000329,-0.4060301464,-0.19566762512992084
0.00032950000000000004,-0.4040200962,-0.1832116954666682
0.00033,-0.4100502469,-0.2039984582496466
0.0003305,-0.393969845,-0.19768316645407402
0.000331,-0.4060301464,-0.20855000359970433
0.0003315,-0.4080401966,-0.194468361876656
0.00033200000000000005,-0.4020100459,-0.1946027354400374
0.0003325,-0.4020100459,-0.19706190598283704
0.000333,-0.3979899455,-0.21300002184067182
0.00033350000000000003,-0.393969845,-0.21478398202195847
0.000334,-0.4020100459,-0.18915294325753854
0.0003345,-0.3959798953,-0.20460918417376953
0.000335,-0.393969845,-0.18997965713328935
0.0003355,-0.4020100459,-0.20398972019228256
0.00033600000000000004,-0.4020100459,-0.19231178636815674
0.0003365,-0.3959798953,-0.2061704857934406
0.000337,-0.393969845,-0.2076435473203558
0.0003375,-0.4020100459,-0.19315415232544889
0.000338,-0.3859296441,-0.20082027669452532
0.00033850000000000004,-0.393969845,-0.1997362201150866
0.000339,-0.393969845,-0.19541079647717344
0.0003395,-0.393969845,-0.2029710053070653
0.00034,-0.3859296441,-0.20214612800424575
0.0003405,-0.3859296441,-0.20110884449309518
0.00034100000000000005,-0.3899497446,-0.18958517024754126
0.0003415,-0.3859296441,-0.2162918445359315
0.000342,-0.3859296441,-0.19171896650005354
0.00034250000000000003,-0.3859296441,-0.19841339770227745
0.000343,-0.3859296441,-0.20937449639862835
0.0003435,-0.3798994934,-0.1947481775802462
0.000344,-0.3859296441,-0.1997269093344795
0.00034449999999999997,-0.3859296441,-0.20817476723329492
0.00034500000000000004,-0.3819095436,-0.21443385038287485
0.0003455,-0.3859296441,-0.18498493370726915
0.000346,-0.3859296441,-0.20919971098198364
0.0003465,-0.3798994934,-0.20955931586150817
0.000347,-0.3778894432,-0.21593777535732636
0.00034750000000000004,-0.3839195939,-0.21286255501740922
0.000348,-0.3778894432,-0.18845404784163533
0.0003485,-0.375879393,-0.21132144152190258
0.000349,-0.3778894432,-0.19622011382003457
0.0003495,-0.3778894432,-0.20196235294998185
0.00035000000000000005,-0.3778894432,-0.20623356398308393
0.0003505,-0.3718592925,-0.2109325192241874
0.000351,-0.3738693427,-0.21510147739678667
0.00035150000000000003,-0.3698492423,-0.2198670417123612
0.000352,-0.3778894432,-0.2027315606758626
0.0003525,-0.3718592925,-0.21271163114254368
0.000353,-0.3698492423,-0.1947398435336081
0.0003535,-0.3698492423,-0.19772729700288277
0.00035400000000000004,-0.3618090414,-0.2067955211307511
0.0003545,-0.367839192,-0.224218330822793
0.000355,-0.3618090414,-0.21587550186132332
0.0003555,-0.3638190916,-0.2210726005581405
0.000356,-0.3618090414,-0.21056417738856617
0.00035650000000000005,-0.3618090414,-0.2213453762845908
0.000357,-0.3618090414,-0.20978672274295698
0.0003575,-0.3618090414,-0.21253109742933834
0.00035800000000000003,-0.3618090413,-0.23759873596529665
0.0003585,-0.3597989911,-0.21247340566640177
0.000359,-0.3577889409,-0.2050244364775303
0.0003595,-0.3537688404,-0.2142864709352169
0.00036,-0.3537688404,-0.20999749595021566
0.00036050000000000003,-0.3618090414,-0.20676031386494875
0.000361,-0.3537688404,-0.22765381485281327
0.0003615,-0.3537688404,-0.20462605021325314
0.000362,-0.3537688404,-0.2157897700461538
0.0003625,-0.3477386897,-0.20789566579866098
0.00036300000000000004,-0.3537688404,-0.20297855402149012
0.0003635,-0.3517587902,-0.2015312640651981
0.000364,-0.3537688404,-0.20437638421177398
0.0003645,-0.3457286395,-0.20893533556578325
0.000365,-0.3457286395,-0.21149265358264277
0.00036550000000000005,-0.3457286395,-0.21022834687207428
0.000366,-0.3457286395,-0.20919715727731902
0.0003665,-0.3457286395,-0.20956584614539767
0.00036700000000000003,-0.341708539,-0.21819155837946394
0.0003675,-0.3457286395,-0.2095848229942789
0.000368,-0.3376884386,-0.21499587482910765
0.0003685,-0.3376884386,-0.216510853690628
0.00036899999999999997,-0.3376884386,-0.21931180823020327
0.00036950000000000004,-0.3376884386,-0.21416082097686998
0.00037,-0.3376884386,-0.22462252902899496
0.0003705,-0.3376884386,-0.1991164824987464
0.000371,-0.3336683381,-0.21381159130334795
0.0003715,-0.3376884386,-0.2043516804370548
0.00037200000000000004,-0.3376884386,-0.2075039176432731
0.0003725,-0.3296482377,-0.20773270745733632
0.000373,-0.3336683381,-0.21239417101392286
0.0003735,-0.3296482377,-0.21437260675427436
0.000374,-0.3296482377,-0.20840514466213192
0.00037450000000000005,-0.3276381874,-0.2089886908410152
0.000375,-0.3216080368,-0.21783261366684506
0.0003755,-0.3276381874,-0.22136114274907676
0.00037600000000000003,-0.3296482377,-0.2162753608108146
0.0003765,-0.3216080368,-0.2221130718014665
0.000377,-0.3256281372,-0.2097424266850964
0.0003775,-0.3216080368,-0.20819731323744542
0.000378,-0.3296482377,-0.23588743940321016
0.00037850000000000004,-0.3216080368,-0.22348975612223995
0.000379,-0.3135678358,-0.21282125612894434
0.0003795,-0.3135678358,-0.2105571156196461
0.00038,-0.3216080368,-0.21434598097854837
0.0003805,-0.3216080368,-0.2111869460909113
0.000381,-0.3135678358,-0.2161786111558664
0.0003815,-0.3195979865,-0.21568611882357033
0.000382,-0.3135678358,-0.2275078012126129
0.00038250000000000003,-0.3115577856,-0.20864552768723615
0.000383,-0.3015075345,-0.22087515106531935
0.0003835,-0.3075376851,-0.20327149659363158
0.000384,-0.3055276349,-0.20968170702386207
0.0003845,-0.2994974842,-0.22229720300895747
0.00038500000000000003,-0.3015075345,-0.2189656187979225
0.0003855,-0.3015075345,-0.21772863589838692
0.000386,-0.3055276349,-0.20551395588535765
0.0003865,-0.3055276349,-0.20547832620654233
0.00038700000000000003,-0.297487434,-0.21928651650208014
0.00038750000000000004,-0.3095477354,-0.225044500427051
0.000388,-0.297487434,-0.2166566126734852
0.0003885,-0.297487434,-0.21950411702327527
0.000389,-0.2894472331,-0.21595703849559175
0.0003895,-0.2773869317,-0.2037414443482054
0.00039,-0.297487434,-0.21638817152671438
0.0003905,-0.2954773838,-0.2357303211110975
0.000391,-0.297487434,-0.21193072393738885
0.00039150000000000003,-0.2894472331,-0.21897310715871562
0.000392,-0.2894472331,-0.21990256602983013
0.0003925,-0.2894472331,-0.21675474381312718
0.000393,-0.2894472331,-0.21353888200135
0.0003935,-0.2814070322,-0.22158357924258884
0.00039400000000000004,-0.2814070322,-0.20925070355147216
0.0003945,-0.2814070322,-0.23341875200431295
0.000395,-0.2814070322,-0.20604383822512345
0.0003955,-0.2814070322,-0.22380656748913655
0.00039600000000000003,-0.2814070322,-0.21760208962664215
0.00039650000000000004,-0.2814070322,-0.21595059508162406
0.000397,-0.2773869317,-0.2198784487833932
0.0003975,-0.2673366805,-0.21047989494556996
0.000398,-0.2814070322,-0.21514505451113805
0.0003985,-0.2733668312,-0.22133827768820846
0.000399,-0.2733668312,-0.2122184889182751
0.0003995,-0.2733668312,-0.2169208934317466
0.0004,-0.2733668312,-0.21690052821535613
0.00040050000000000003,-0.271356781,-0.22865184130466856
0.000401,-0.2693467308,-0.227307149845899
0.0004015,-0.2673366805,-0.21597342681445847
0.000402,-0.2653266303,-0.21677538319387377
0.0004025,-0.2653266303,-0.24090364129740618
0.00040300000000000004,-0.2613065299,-0.2115334817343026
0.0004035,-0.2592964796,-0.23435537707531764
0.000404,-0.2572864294,-0.20609718751232597
0.0004045,-0.2633165801,-0.2139026663774804
0.000405,-0.2572864294,-0.21573634846150375
0.0004055,-0.2572864294,-0.20675048764509607
0.000406,-0.2492462285,-0.22498846724168992
0.0004065,-0.2572864294,-0.22578017197865238
0.000407,-0.2572864294,-0.22310493309621432
0.0004075,-0.2572864294,-0.2177421212105934
0.000408,-0.2492462285,-0.20412129561331277
0.0004085,-0.2512562787,-0.21930688647373703
0.000409,-0.2492462285,-0.23182432400434394
0.00040950000000000003,-0.2512562787,-0.21616636606027176
0.00041,-0.2412060276,-0.22828800415436296
0.0004105,-0.2492462285,-0.23566322835287173
0.000411,-0.245226128,-0.21353554344344533
0.00041150000000000003,-0.2492462285,-0.22883062314696573
0.00041200000000000004,-0.2412060276,-0.22724775195692737
0.0004125,-0.2412060276,-0.2178446787044763
0.000413,-0.2371859271,-0.22042760723208096
0.0004135,-0.2351758769,-0.2147111735923118
0.000414,-0.2412060276,-0.21983870534160008
0.0004145,-0.2391959773,-0.2191565202906827
0.000415,-0.2291457262,-0.2284498161227705
0.0004155,-0.2331658266,-0.2307008934292843
0.00041600000000000003,-0.2331658266,-0.2239361125996915
0.0004165,-0.2311557764,-0.21938548767152474
0.000417,-0.2331658266,-0.21146272438796226
0.0004175,-0.2331658266,-0.23104740898531217
0.000418,-0.2331658266,-0.19966769082414976
0.00041850000000000004,-0.227135676,-0.21460124632734892
0.000419,-0.2251256257,-0.22926871388959172
0.0004195,-0.2251256257,-0.232234026833019
0.00042,-0.2170854248,-0.23771581350569249
0.00042050000000000003,-0.2251256257,-0.23193280890435708
0.00042100000000000004,-0.2211055253,-0.20416634715531762
0.0004215,-0.2170854248,-0.22707696450323067
0.000422,-0.2251256257,-0.21880769665528518
0.0004225,-0.2150753746,-0.22050825416648748
0.000423,-0.2170854248,-0.2130981390944257
0.0004235,-0.2090452239,-0.22554371752226726
0.000424,-0.2170854248,-0.23241833091069578
0.0004245,-0.2110552741,-0.22457711161352736
0.00042500000000000003,-0.2090452239,-0.2092583264888057
0.0004255,-0.2090452239,-0.21893828015084893
0.000426,-0.2090452239,-0.2314933183553162
0.0004265,-0.2090452239,-0.21674130642955927
0.000427,-0.2090452239,-0.2245086449676963
0.00042750000000000004,-0.201005023,-0.22153563232683876
0.000428,-0.1929648221,-0.21054342149901628
0.0004285,-0.201005023,-0.21701329536584174
0.000429,-0.201005023,-0.23221179632190725
0.0004295,-0.1929648221,-0.22932512070650274
0.00043000000000000004,-0.1929648221,-0.2249220546602463
0.0004305,-0.1949748723,-0.22775439154778124
0.000431,-0.1969849225,-0.21962024115678871
0.0004315,-0.201005023,-0.22311756804184105
0.000432,-0.1849246211,-0.2302718145950405
0.0004325,-0.1909547718,-0.21138898057968844
0.000433,-0.1889447216,-0.22676811003331668
0.0004335,-0.1849246211,-0.23294217102525233
0.00043400000000000003,-0.1849246211,-0.22225916642748897
0.0004345,-0.1849246211,-0.22170635948471945
0.000435,-0.1809045207,-0.21113328478358034
0.0004355,-0.1849246211,-0.22219118360007098
0.000436,-0.1768844202,-0.22133875077458529
0.00043650000000000004,-0.1708542695,-0.21647610920250573
0.000437,-0.1768844202,-0.22020712082353625
0.0004375,-0.1768844202,-0.21343388260385598
0.000438,-0.1768844202,-0.2199882827226275
0.0004385,-0.1708542695,-0.2231409677828619
0.000439,-0.1688442193,-0.21771508714014767
0.0004395,-0.17487437,-0.220461139186087
0.00044,-0.1688442193,-0.23550074359274734
0.00044050000000000003,-0.17487437,-0.22635415196703043
0.000441,-0.1608040184,-0.22463996884847906
0.0004415,-0.1628140686,-0.2210355512940268
0.000442,-0.1688442193,-0.23374383622655473
0.0004425,-0.1628140686,-0.21834903399106673
0.00044300000000000003,-0.1608040184,-0.2249416486710055
0.0004435,-0.1608040184,-0.2190516269122892
0.000444,-0.1527638175,-0.22380931005805743
0.0004445,-0.1527638175,-0.21792308510458472
0.00044500000000000003,-0.1527638175,-0.21604953744156652
0.0004455,-0.1547738677,-0.22400920820193584
0.000446,-0.1527638175,-0.20189682875457635
0.0004465,-0.1547738677,-0.22927717324956873
0.000447,-0.1527638175,-0.22625763384421793
0.0004475,-0.1507537672,-0.2171786403607009
0.000448,-0.1447236165,-0.211260508839714
0.0004485,-0.1447236165,-0.21802908146926772
0.000449,-0.1407035161,-0.21725697531108817
0.00044950000000000003,-0.1507537672,-0.21150727922971618
0.00045,-0.1447236165,-0.22749143741419717
0.0004505,-0.1386934659,-0.23339306304317534
0.000451,-0.1407035161,-0.2223332471878171
0.0004515,-0.1386934658,-0.22009471765301805
0.00045200000000000004,-0.1366834156,-0.2197936168924051
0.0004525,-0.1306532649,-0.22147667720026296
0.000453,-0.1326633152,-0.20508350059164546
0.0004535,-0.1306532649,-0.2163965965621323
0.00045400000000000003,-0.1366834156,-0.20618277708281282
0.0004545,-0.1286432147,-0.2038686256749406
0.000455,-0.1286432147,-0.21632572555585342
0.0004555,-0.1266331645,-0.20394830576436518
0.000456,-0.1206030138,-0.21397990371239065
0.0004565,-0.1266331645,-0.2307002558875537
0.000457,-0.1286432147,-0.2154243818403681
0.0004575,-0.1266331645,-0.21269681630030915
0.000458,-0.1125628129,-0.20695239800719506
0.00045850000000000003,-0.1125628129,-0.2288317422597573
0.000459,-0.1165829133,-0.23840790951185376
0.0004595,-0.1206030138,-0.22902510731326634
0.00046,-0.1125628129,-0.2161794691728514
0.0004605,-0.1145728631,-0.22962708098167814
0.00046100000000000004,-0.1125628129,-0.22328425693080864
0.0004615,-0.1065326622,-0.20069997766009776
0.000462,-0.1045226119,-0.21285022713201582
0.0004625,-0.1065326622,-0.20635289819137836
0.00046300000000000003,-0.1125628129,-0.20364544938285764
0.0004635,-0.1045226119,-0.20997635631975958
0.000464,-0.1045226119,-0.22300057757720088
0.0004645,-0.1025125617,-0.23204524722017364
0.000465,-0.1005025115,-0.22757797956306494
0.0004655,-0.1025125617,-0.20187165355185846
0.000466,-0.0884422101,-0.21528948015800634
0.0004665,-0.0944723608,-0.21890560560098415
0.000467,-0.096482411,-0.22139793183919024
0.00046750000000000003,-0.0944723608,-0.21148580737813485
0.000468,-0.096482411,-0.2108460008305414
0.0004685,-0.0944723608,-0.2136470581388197
0.000469,-0.0924623106,-0.21482566783978208
0.00046950000000000003,-0.0864321599,-0.2056381039392148
0.00047,-0.0884422101,-0.2312294199575791
0.0004705,-0.0864321599,-0.2069854352635021
0.000471,-0.0884422101,-0.2230985281232978
0.0004715,-0.0824120594,-0.21185376694397676
0.00047200000000000003,-0.0804020092,-0.21041061945722883
0.0004725,-0.0804020092,-0.20728571529565062
0.000473,-0.0763819087,-0.2128426945368134
0.0004735,-0.0743718585,-0.22196344146244404
0.00047400000000000003,-0.0804020092,-0.2187400454627702
0.0004745,-0.0723618083,-0.21188992131954237
0.000475,-0.0763819087,-0.2197134184178217
0.0004755,-0.0723618083,-0.22049612796472245
0.000476,-0.0643216074,-0.2029586754370039
0.00047650000000000004,-0.0643216074,-0.21872675575966272
0.000477,-0.0643216074,-0.22126319251808493
0.0004775,-0.0643216074,-0.23131820189766295
0.000478,-0.0562814064,-0.22239018768852298
0.00047850000000000003,-0.0582914567,-0.21974483251793864
0.000479,-0.052261306,-0.20622898470421777
0.0004795,-0.0582914567,-0.2207156707665163
0.00048,-0.0562814064,-0.20827914296502267
0.0004805,-0.0562814064,-0.22551650917739263
0.000481,-0.0562814064,-0.2176250497682351
0.0004815,-0.0562814064,-0.201662653157629
0.000482,-0.0482412055,-0.20370866659182815
0.0004825,-0.0562814064,-0.21148357537854215
0.00048300000000000003,-0.052261306,-0.2128603164901197
0.0004835,-0.052261306,-0.20762119273876153
0.000484,-0.0402010046,-0.2343627477553611
0.0004845,-0.0482412055,-0.22163633104536484
0.000485,-0.0442211051,-0.207700685634012
0.00048550000000000004,-0.0462311553,-0.20849198028665028
0.000486,-0.0402010046,-0.22002508104124993
0.0004865,-0.0402010046,-0.21802806085172963
0.000487,-0.0321608037,-0.21685487712868276
0.00048750000000000003,-0.0402010046,-0.21215014943769414
0.000488,-0.0321608037,-0.20810555833634553
0.0004885,-0.0381909544,-0.2254838791486614
0.000489,-0.0281407032,-0.21211625980677237
0.0004895,-0.0321608037,-0.20265807772082375
0.00049,-0.0241206028,-0.21267287149393305
0.0004905,-0.0241206028,-0.20217345036017903
0.000491,-0.0281407032,-0.20642740369978324
0.0004915,-0.026130653,-0.20596050679005534
0.000492,-0.0241206028,-0.2060022743089363
0.0004925,-0.0241206028,-0.2083317553763151
0.0004930000000000001,-0.0241206028,-0.20502331982426764
0.0004935,-0.0221105525,-0.2071474027706026
0.000494,-0.0160804018,-0.21905336555290025
0.0004945,-0.0180904521,-0.2017600813994105
0.000495,-0.0160804018,-0.20172901528174367
0.0004955000000000001,-0.0160804018,-0.20016736924629797
0.000496,-0.0160804018,-0.20695475545063746
0.0004965,-0.0080402009,-0.20733101588628464
0.000497,-0.0080402009,-0.20571598403633332
0.0004975,-0.0080402009,-0.21131310426553168
0.000498,-0.0080402009,-0.20379581201173314
0.0004985,-0.0080402009,-0.19203852318001036
0.000499,-0.0080402009,-0.19722694420333514
0.0004995,-0.0080402009,-0.19941716130572365
0.0005,0.0080402009,-0.21034950551536605
0.0005005,0.0,-0.18958557317582905
0.000501,-0.0040201005,-0.2069331982340792
0.0005015,0.0,-0.21156874881219034
0.0005020000000000001,0.0080402009,-0.2045210125391533
0.0005025,0.0060301507,-0.20226483305833334
0.000503,0.0080402009,-0.21123127367395833
0.0005035,0.0080402009,-0.1893818444162987
0.000504,0.0080402009,-0.21628647292480274
0.0005045,0.0080402009,-0.20529280862732463
0.000505,0.0120603014,-0.21738068310263498
0.0005055,0.0160804018,-0.20219892071031914
0.000506,0.0160804018,-0.20151324966442635
0.0005065,0.0180904521,-0.20650940946101654
0.000507,0.0160804018,-0.1997784127038438
0.0005075,0.0160804018,-0.19386918060192695
0.000508,0.0241206028,-0.19618110060946703
0.0005085000000000001,0.0321608037,-0.20303169495357834
0.000509,0.0241206028,-0.1948248824441246
0.0005095,0.0241206028,-0.21192020564708947
0.00051,0.0241206028,-0.1943554715304409
0.0005105,0.0241206028,-0.1922596487346354
0.0005110000000000001,0.0321608037,-0.19325433309440007
0.0005115,0.0321608037,-0.21091052765535914
0.000512,0.0321608037,-0.2003136850469262
0.0005125,0.0321608037,-0.19785867913488553
0.000513,0.0321608037,-0.19392179532497428
0.0005135,0.0321608037,-0.19050278517274424
0.000514,0.0321608037,-0.19691560055831628
0.0005145,0.0462311553,-0.19126994191864077
0.000515,0.0442211051,-0.20617193402797518
0.0005155,0.0402010046,-0.1800019300468788
0.000516,0.0402010046,-0.17893609688725526
0.0005165,0.0402010046,-0.1973072579922604
0.000517,0.0442211051,-0.2044687648885998
0.0005175000000000001,0.0482412055,-0.18675420520184255
0.000518,0.0482412055,-0.18353869647708668
0.0005185,0.0562814064,-0.21383036092594318
0.000519,0.052261306,-0.19399827715812132
0.0005195,0.0582914567,-0.2003805212932985
0.0005200000000000001,0.0562814064,-0.19774205978245685
0.0005205,0.0502512557,-0.18823905807595231
0.000521,0.0562814064,-0.19839808562659259
0.0005215,0.0623115571,-0.19093454397724657
0.000522,0.0482412055,-0.19763863668687373
0.0005225,0.0582914567,-0.1955751065257485
0.000523,0.0643216074,-0.20082608699054313
0.0005235,0.0683417078,-0.2015806468326997
0.000524,0.0562814064,-0.1808581494714987
0.0005245,0.0643216074,-0.19523877727088965
0.000525,0.0683417078,-0.20002453162378261
0.0005255,0.0723618083,-0.19825793018693655
0.000526,0.0723618083,-0.20117203568891662
0.0005265000000000001,0.078391959,-0.1836305975924719
0.000527,0.0723618083,-0.2087297298916926
0.0005275,0.078391959,-0.1838174353072332
0.000528,0.0804020092,-0.18148504674107996
0.0005285,0.0723618083,-0.182367385435255
0.000529,0.0804020092,-0.17679636316966177
0.0005295,0.0743718585,-0.18401399437920604
0.00053,0.0884422101,-0.19665890044722523
0.0005305,0.0824120594,-0.20122067369485147
0.000531,0.0924623106,-0.18316966336520119
0.0005315,0.0864321599,-0.18558755218352846
0.000532,0.0804020092,-0.18650709346822358
0.0005325,0.0904522603,-0.18340055248441545
0.000533,0.0884422101,-0.1853692700219327
0.0005335,0.0904522603,-0.18985875556608547
0.000534,0.096482411,-0.18345312271809197
0.0005345,0.096482411,-0.17402571584394866
0.000535,0.1005025115,-0.18220614581712333
0.0005355000000000001,0.096482411,-0.1891072927313308
0.000536,0.096482411,-0.17968185538168246
0.0005365,0.0984924613,-0.18022022646918215
0.000537,0.1005025115,-0.1871201410264619
0.0005375,0.0984924613,-0.1898072833822486
0.0005380000000000001,0.1125628129,-0.18018130581483885
0.0005385,0.1105527626,-0.19675582796182928
0.000539,0.1045226119,-0.16870992256732298
0.0005395,0.1125628129,-0.16813422831289462
0.00054,0.1125628129,-0.17561628516802388
0.0005405,0.1125628129,-0.17716609442215525
0.000541,0.1125628129,-0.19060716723973814
0.0005415,0.1185929636,-0.17147413057677188
0.0005420000000000001,0.1206030138,-0.17779606024204894
0.0005425,0.1185929636,-0.1744247000740558
0.000543,0.1165829133,-0.18519294956392865
0.0005435,0.1125628129,-0.17225761347033713
0.000544,0.1206030138,-0.17587120121333047
0.0005445000000000001,0.122613064,-0.17062488846672402
0.000545,0.1286432147,-0.17735904600006497
0.0005455,0.1286432147,-0.18894397699557355
0.000546,0.1206030138,-0.17489671959304479
0.0005465,0.1306532649,-0.16983590977303986
0.000547,0.1326633152,-0.19619737805228685
0.0005475,0.1286432147,-0.18794736479848032
0.000548,0.1366834156,-0.17399252042731797
0.0005485,0.1427135663,-0.19135948915823126
0.000549,0.1326633152,-0.1748716818960634
0.0005495,0.1366834156,-0.1744023634210817
0.00055,0.1366834156,-0.1802752684234117
0.0005505,0.1386934659,-0.17101578668335524
0.0005510000000000001,0.1407035161,-0.15911766725278206
0.0005515,0.1386934658,-0.16978399606242944
0.000552,0.1447236165,-0.17337738196117086
0.0005525,0.1447236165,-0.1638714399518607
0.000553,0.148743717,-0.1766093926246752
0.0005535,0.1386934658,-0.18082039950374104
0.000554,0.1527638175,-0.16722299133028826
0.0005545,0.1567839179,-0.16457259847254205
0.000555,0.1608040184,-0.15953437937783543
0.0005555,0.1547738677,-0.17752657445735312
0.000556,0.1527638175,-0.1685031119129805
0.0005565,0.1587939681,-0.1671237224874482
0.000557,0.1567839179,-0.19019264608892425
0.0005575,0.1587939682,-0.1810846257146775
0.000558,0.1608040184,-0.17827312314872132
0.0005585,0.1587939681,-0.1656361997828328
0.000559,0.1648241188,-0.15473769472890309
0.0005595,0.1608040184,-0.1646727238689206
0.0005600000000000001,0.1608040184,-0.183918037112943
0.0005605,0.1688442193,-0.16385353883586615
0.000561,0.1688442193,-0.15940216398834078
0.0005615,0.1688442193,-0.17229309959514097
0.000562,0.1688442193,-0.16591512195505395
0.0005625000000000001,0.1688442193,-0.16056585879461233
0.000563,0.1688442193,-0.15665257744030922
0.0005635,0.1708542695,-0.15992121166583043
0.000564,0.1768844202,-0.1679456327069323
0.0005645,0.1768844202,-0.15965039124223476
0.000565,0.1768844202,-0.16318710090828972
0.0005655,0.1768844202,-0.16073714567485914
0.000566,0.1849246211,-0.16772803149248158
0.0005665000000000001,0.1788944704,-0.15959509400662195
0.000567,0.1849246211,-0.1612404026465519
0.0005675,0.1849246211,-0.15822874426008154
0.000568,0.1849246211,-0.16100298586274076
0.0005685,0.1849246211,-0.15714420950817107
0.0005690000000000001,0.192964822,-0.1577511973870282
0.0005695,0.1849246211,-0.1510299092222802
0.00057,0.1849246211,-0.15650894788521255
0.0005705,0.1929648221,-0.14732699395868953
0.000571,0.1969849225,-0.16224378247556828
0.0005715,0.1929648221,-0.15926960274443577
0.000572,0.201005023,-0.15785947641749967
0.0005725,0.1949748723,-0.15417596368448744
0.000573,0.1969849225,-0.15324800336353392
0.0005735,0.2070351737,-0.1589947471746244
0.000574,0.2090452239,-0.1642714821666356
0.0005745,0.2090452239,-0.14621520204158034
0.000575,0.201005023,-0.14986668461268968
0.0005755000000000001,0.2030150732,-0.14330797731548267
0.000576,0.2090452239,-0.14779229284201947
0.0005765,0.2090452239,-0.16548322959320816
0.000577,0.2130653243,-0.14756221395890787
0.0005775,0.2090452239,-0.1527427183344624
0.000578,0.2170854248,-0.15483898231353482
0.0005785,0.2170854248,-0.14190301436679392
0.000579,0.2130653244,-0.13696919359950716
0.0005795,0.2090452239,-0.15642880732941739
0.00058,0.2170854248,-0.15682011906865137
0.0005805000000000001,0.219095475,-0.15614890738737905
0.000581,0.2211055253,-0.14539239522146727
0.0005815,0.2231155755,-0.15498837573410262
0.000582,0.2251256257,-0.1470258640301535
0.0005825,0.2251256257,-0.15518720299832678
0.000583,0.2211055253,-0.1464642752731872
0.0005835,0.227135676,-0.14935707291687225
0.000584,0.2331658266,-0.1490721774689797
0.0005845,0.2251256257,-0.1485871500575015
0.000585,0.2291457262,-0.13421360667903603
0.0005855,0.2331658266,-0.1493357252615778
0.000586,0.2331658266,-0.14795751412145944
0.0005865,0.2331658266,-0.14997534316129082
0.0005870000000000001,0.2331658266,-0.13694295177460084
0.0005875,0.2412060276,-0.1504120331258601
0.000588,0.2331658267,-0.14139102843449275
0.0005885,0.2412060276,-0.1510106357939318
0.000589,0.2371859271,-0.14612409378755425
0.0005895,0.2412060276,-0.1542651562809959
0.00059,0.2412060276,-0.13745123892153152
0.0005905,0.2351758769,-0.14426967089974216
0.000591,0.245226128,-0.14001530697385725
0.0005915,0.2472361783,-0.13914951000366169
0.000592,0.2412060276,-0.1371968401748257
0.0005925,0.2432160778,-0.13124181446779418
0.000593,0.245226128,-0.1250828007731239
0.0005935000000000001,0.2512562787,-0.13847988134875516
0.000594,0.2492462285,-0.1225275239056797
0.0005945,0.2492462285,-0.1446673796259145
0.000595,0.2572864294,-0.13850920672916914
0.0005955,0.2572864294,-0.1515163244149565
0.000596,0.2572864294,-0.1296045316270722
0.0005965,0.2572864294,-0.13275039931870855
0.000597,0.2613065299,-0.1368211509960371
0.0005975,0.2592964796,-0.13576094240573006
0.000598,0.2653266303,-0.1382699513701756
0.0005985,0.2572864294,-0.12938305489917146
0.000599,0.2572864294,-0.129944715130335
0.0005995,0.2653266303,-0.12550001374488962
0.0006000000000000001,0.2653266303,-0.11954726478093736
0.0006005,0.2653266303,-0.11860199034434585
0.000601,0.2733668312,-0.13352277169769447
0.0006015,0.2733668312,-0.12300158138858386
0.000602,0.2733668312,-0.14002076766971322
0.0006025,0.271356781,-0.15999625781869442
0.000603,0.2814070322,-0.13183649357335037
0.0006035,0.2733668312,-0.1350622380133449
0.000604,0.2814070322,-0.13045585490457706
0.0006045,0.2693467308,-0.1358391363428187
0.0006050000000000001,0.2733668312,-0.1322179482699081
0.0006055,0.2854271326,-0.1462381581518005
0.000606,0.2814070322,-0.13067816023778214
0.0006065,0.2814070322,-0.12252189788151921
0.000607,0.2814070322,-0.11822248594582178
0.0006075,0.2793969819,-0.11881519672508821
0.000608,0.2894472331,-0.13582134461814224
0.0006085,0.2894472331,-0.13047019318812098
0.0006090000000000001,0.2894472331,-0.12118887290861842
0.0006095,0.2894472331,-0.12344750462693616
0.00061,0.2894472331,-0.11596170972139577
0.0006105,0.2894472331,-0.13291707148283066
0.000611,0.2934673335,-0.11977710097762104
0.0006115000000000001,0.2954773838,-0.11792051719494806
0.000612,0.297487434,-0.1230048547055723
0.0006125,0.2894472331,-0.11535743527459943
0.000613,0.297487434,-0.11513996802923447
0.0006135,0.297487434,-0.12468683357417533
0.000614,0.297487434,-0.11049236024515187
0.0006145,0.297487434,-0.10722555696086493
0.000615,0.3055276349,-0.11656857303647175
0.0006155,0.297487434,-0.1265716391842586
0.000616,0.297487434,-0.1316065529177546
0.0006165,0.3055276349,-0.12080122886153284
0.000617,0.297487434,-0.10668299795082699
0.0006175,0.297487434,-0.12548633091649058
0.0006180000000000001,0.297487434,-0.11170561369872585
0.0006185,0.3055276349,-0.10989115684857372
0.000619,0.3095477354,-0.1283458011918707
0.0006195,0.3115577856,-0.11601611403749482
0.00062,0.3055276349,-0.10913811194062092
0.0006205,0.3075376852,-0.11501056424114366
0.000621,0.3135678358,-0.10414616978225277
0.0006215,0.3195979865,-0.10647238145977497
0.000622,0.3135678358,-0.10414619873300064
0.0006225,0.3216080368,-0.10161151443012018
0.0006230000000000001,0.3175879363,-0.11372288167790157
0.0006235,0.3155778861,-0.091822736637198
0.000624,0.3135678358,-0.11855558049585974
0.0006245000000000001,0.3216080368,-0.09001649539731331
0.000625,0.3216080368,-0.11025421525363546
0.0006255,0.3216080368,-0.10971600033044156
0.000626,0.3216080368,-0.10913165335241401
0.0006265,0.323618087,-0.11525063265114846
0.000627,0.3296482377,-0.09512370162672647
0.0006275,0.3216080368,-0.10517291616333838
0.000628,0.3296482377,-0.10905977996870356
0.0006285,0.3296482377,-0.10358682444270859
0.000629,0.3296482377,-0.10851148778350933
0.0006295000000000001,0.3296482377,-0.1205866128451827
0.00063,0.3296482377,-0.10765715168273333
0.0006305,0.3296482377,-0.11283255857399563
0.000631,0.3336683381,-0.1022675044614664
0.0006315,0.3396984888,-0.10469339517797419
0.000632,0.3376884386,-0.10956380173750846
0.0006325,0.3376884386,-0.11312580347927488
0.000633,0.3376884386,-0.10528077385838158
0.0006335,0.3316582879,-0.11186060865657775
0.000634,0.3457286395,-0.08992217475290695
0.0006345,0.3376884386,-0.11405726054920935
0.000635,0.341708539,-0.09716663139460992
0.0006355,0.3396984888,-0.09032684971640213
0.0006360000000000001,0.3376884386,-0.09811590387462182
0.0006365,0.3437185893,-0.09615447989157407
0.000637,0.3457286395,-0.10988604446461421
0.0006375,0.3437185893,-0.08575649362509728
0.000638,0.3457286395,-0.10603835295931648
0.0006385,0.3437185893,-0.09551899379386464
0.000639,0.34974874,-0.10396415287202346
0.0006395,0.3457286395,-0.10349097050269661
0.0006399999999999999,0.3457286395,-0.09716241041386282
0.0006405,0.3477386897,-0.08805989013297098
0.0006410000000000001,0.3577889409,-0.09894206562933439
0.0006415,0.3537688404,-0.08423792338764362
0.000642,0.3537688404,-0.08178825953197255
0.0006425000000000001,0.3537688404,-0.08086191214717071
0.000643,0.34974874,-0.0903180432140632
0.0006435,0.3537688404,-0.09659596923548937
0.000644,0.3537688404,-0.07849861209626553
0.0006445,0.3557788907,-0.07550735621703415
0.000645,0.3577889409,-0.08401119244849328
0.0006455,0.3537688404,-0.07961918863411134
0.000646,0.3618090413,-0.0823559735797358
0.0006465,0.3618090414,-0.08328180914523839
0.000647,0.3618090414,-0.0832820686990313
0.0006475000000000001,0.3638190916,-0.09423665242633986
0.000648,0.3618090414,-0.07585569933972364
0.0006485,0.3618090414,-0.08755285001261028
0.0006490000000000001,0.3618090414,-0.09354638820294528
0.0006495,0.3597989911,-0.08297169304928598
0.00065,0.3778894432,-0.08326592214625123
0.0006505,0.3618090414,-0.09597514933078527
0.000651,0.3698492423,-0.0808536136298539
0.0006515,0.367839192,-0.07084384071316907
0.000652,0.3698492423,-0.07107217181980983
0.0006525,0.375879393,-0.07132950169949864
0.000653,0.3698492423,-0.06225556371005279
0.0006535,0.3718592925,-0.0725288474691251
0.0006540000000000001,0.3698492423,-0.08224347946179901
0.0006545,0.3778894432,-0.07323731155131188
0.000655,0.3658291418,-0.09616320606820425
0.0006555,0.3778894432,-0.08778609879118358
0.000656,0.3698492423,-0.06444539432733284
0.0006565,0.3698492423,-0.09023007839968994
0.000657,0.3778894432,-0.06541470407347919
0.0006575,0.3718592925,-0.07411976474773349
0.000658,0.3778894432,-0.07347797403040947
0.0006585,0.3778894432,-0.08065721120595913
0.000659,0.3859296441,-0.06960079165276153
0.0006595,0.3778894432,-0.06325888559244046
0.00066,0.3859296441,-0.06954009147561935
0.0006605000000000001,0.3859296441,-0.04794770142193384
0.000661,0.3859296441,-0.08367172459289474
0.0006615,0.3798994934,-0.07926695747020027
0.000662,0.3859296441,-0.061209876397410885
0.0006625,0.3859296441,-0.07763972196916281
0.000663,0.3819095437,-0.07512918034657583
0.0006635,0.3879396943,-0.07680957309525126
0.000664,0.3859296441,-0.0693477987306469
0.0006644999999999999,0.3879396943,-0.07561556954731463
0.000665,0.393969845,-0.07886658778406917
0.0006655000000000001,0.3879396943,-0.06403656802804625
0.000666,0.3859296441,-0.07257207533842534
0.0006665,0.393969845,-0.05704838848732297
0.0006670000000000001,0.3979899455,-0.05476824720312312
0.0006675,0.3919597948,-0.05869682815071213
0.000668,0.393969845,-0.056539279371827914
0.0006685,0.393969845,-0.057069724397733605
0.000669,0.3979899455,-0.07832114985246359
0.0006695,0.393969845,-0.0548771074266441
0.00067,0.4020100459,-0.0612991788487009
0.0006705,0.393969845,-0.06464795149295363
0.000671,0.393969845,-0.059307751502355614
0.0006715,0.4020100459,-0.0581702437650616
0.0006720000000000001,0.393969845,-0.06322083055928489
0.0006725,0.3959798953,-0.0694703344733659
0.000673,0.393969845,-0.06389641101909281
0.0006735,0.4060301464,-0.055688655819692214
0.000674,0.4020100459,-0.04963794576933564
0.0006745,0.3999999957,-0.06841416019332411
0.000675,0.402010046,-0.05995151118631779
0.0006755,0.4020100459,-0.05888937829216955
0.000676,0.4100502469,-0.054915686187929635
0.0006765,0.4020100459,-0.03401409971940641
0.000677,0.4020100459,-0.05248823144456246
0.0006775,0.4100502469,-0.0724774449664856
0.000678,0.4100502469,-0.04024561315363933
0.0006785000000000001,0.4100502469,-0.07394041734019496
0.000679,0.4060301464,-0.04390945926646023
0.0006795,0.4100502469,-0.04344700116666804
0.00068,0.4100502469,-0.05302461671261091
0.0006805,0.4080401966,-0.04409094182204367
0.000681,0.4060301464,-0.04229207739002571
0.0006815,0.4120602971,-0.05569956328977468
0.000682,0.4100502469,-0.049124289099685955
0.0006825,0.4100502469,-0.04922234189678939
0.000683,0.4140703473,-0.04144469289456374
0.0006835,0.4180904478,-0.032382331106900517
0.000684,0.4180904478,-0.03638779026426169
0.0006845,0.4100502469,-0.03556144250322518
0.0006850000000000001,0.4140703473,-0.05839973792416026
0.0006855,0.4100502469,-0.044322717744102486
0.000686,0.4100502469,-0.04244727152792486
0.0006865,0.4160803975,-0.04390727821104989
0.000687,0.4100502469,-0.04114493674763952
0.0006875,0.4100502469,-0.035774761631136215
0.000688,0.4180904478,-0.021293052273772973
0.0006885,0.4180904478,-0.04232020552842196
0.000689,0.4180904478,-0.05136582199061541
0.0006895,0.4221105483,-0.047446325013764896
0.0006900000000000001,0.4180904478,-0.04448459268572871
0.0006905,0.4180904478,-0.040245516989720335
0.000691,0.4180904478,-0.029901761796564084
0.0006915000000000001,0.4261306487,-0.034816529013705674
0.000692,0.4180904478,-0.03703567865199011
0.0006925,0.4180904478,-0.031594742844707584
0.000693,0.4221105482,-0.021423961095687605
0.0006935,0.420100498,-0.04690704209929295
0.000694,0.4261306487,-0.028813185223891813
0.0006945,0.4241205985,-0.028382415441396386
0.000695,0.4261306487,-0.04218812886528403
0.0006955,0.4180904478,-0.034657443277475435
0.000696,0.4261306487,-0.0300310430128949
0.0006965000000000001,0.4261306487,-0.03379184616552833
0.000697,0.4221105482,-0.032118965487454534
0.0006975,0.4261306487,-0.03743655105030914
0.000698,0.4341708496,-0.037273131759944525
0.0006985,0.4261306487,-0.02973224271934903
0.000699,0.4341708496,-0.02409142663024411
0.0006995,0.4261306487,-0.028682830100543743
0.0007,0.4261306487,-0.027792327042272576
0.0007005,0.4321607994,-0.018491561984982228
0.000701,0.4261306487,-0.030431208859229134
0.0007015,0.4281406989,-0.03731997751680607
0.000702,0.4261306487,-0.0213184759462004
0.0007025,0.4341708496,-0.0353226375055759
0.0007030000000000001,0.4301507492,-0.03429215047702614
0.0007035,0.4321607994,-0.014418772163180445
0.000704,0.4261306487,-0.030791994120312433
0.0007045,0.4341708496,-0.03706620264636361
0.000705,0.4261306487,-0.011010929151401623
0.0007055,0.4321607994,-0.026993338394951088
0.000706,0.4341708496,-0.027983544358657828
0.0007065,0.4321607994,-0.01653915076816284
0.000707,0.4261306487,-0.014629833534200143
0.0007075,0.4341708496,-0.01973157673390931
0.000708,0.4341708496,-0.027945337554966903
0.0007085,0.4402010003,-0.017410140080975293
0.000709,0.4341708496,-0.013069512259172227
0.0007095000000000001,0.4321607994,-0.011402056453468985
0.00071,0.4341708496,-0.013523415194429933
0.0007105,0.4402010003,-0.011169419631299365
0.000711,0.4341708496,-0.010816435671394096
0.0007115,0.4361808998,-0.0132292236997791
0.000712,0.4422110505,-0.011415623983292341
0.0007125,0.4422110505,-0.009433138773054142
0.000713,0.4381909501,-0.001128089239156724
0.0007135,0.4341708496,-0.011593516821628912
0.000714,0.4422110505,-0.014941842602168917
0.0007145000000000001,0.4402010003,-0.014273240001589426
0.000715,0.4341708496,-0.010494257774045527
0.0007155,0.4341708496,-0.013880357577366855
0.0007160000000000001,0.4341708496,-0.0043354730239620245
0.0007165,0.4341708496,-0.018440033072009667
0.000717,0.446231151,0.0005684146557630306
0.0007175,0.4361808998,-0.004549822983469752
0.000718,0.4422110505,-0.009984837088779586
0.0007185,0.446231151,-0.014573737529417216
0.000719,0.4422110505,0.0035875182588766437
0.0007195,0.4482412012,-0.016065908102142982
0.00072,0.4422110505,-0.011593814392508468
0.0007205,0.4422110505,0.0005163079778223963
0.0007210000000000001,0.4381909501,-0.007400157707878305
0.0007215,0.4361808998,-0.005455000669781526
0.000722,0.4422110505,-0.012702973961247645
0.0007225,0.4422110505,0.013756874895769518
0.000723,0.4422110505,-0.0036181686853029305
0.0007235,0.4422110505,-0.00039980272170684055
0.000724,0.4341708496,0.007216482023675576
0.0007245,0.4442211008,-0.006149737455963878
0.000725,0.4422110505,-0.00867301748587074
0.0007255,0.4381909501,-0.008965520555015592
0.000726,0.4422110505,-0.0024825076174284934
0.0007265,0.4482412012,-0.005113741232788483
0.000727,0.446231151,-0.0012607354309456774
0.0007275000000000001,0.4482412012,-0.00670943982706333
0.000728,0.4502512515,0.010557054892059686
0.0007285,0.4482412012,0.008190476992618337
0.000729,0.4502512515,0.005735743716860253
0.0007295,0.4422110505,0.009880664928581686
0.00073,0.4502512515,0.00867157565261888
0.0007305,0.4442211008,0.0035943453889588886
0.000731,0.4422110505,0.0032451592451654162
0.0007314999999999999,0.4482412012,0.020843064586200333
0.000732,0.4502512515,-0.0015704999355302797
0.0007325000000000001,0.4502512515,0.000983205345913742
0.000733,0.4422110505,0.008743710768202108
0.0007335,0.4502512515,0.00933893151614038
0.0007340000000000001,0.4422110505,0.012936701899249656
0.0007345,0.4482412012,-0.00899326903481257
0.000735,0.446231151,0.011715154039348122
0.0007355,0.4422110505,0.004738628264672708
0.000736,0.4502512515,0.011336092096504444
0.0007365,0.4502512515,0.02020429713206215
0.000737,0.4542713519,0.014223075722462451
0.0007375,0.4482412012,0.028112088192012934
0.000738,0.4502512515,0.005794213608367205
0.0007385,0.4562814021,0.01257961263924717
0.0007390000000000001,0.4422110505,0.0102970119807608
0.0007395,0.4502512515,0.02143996067721386
0.00074,0.4582914524,0.01453096366596977
0.0007405000000000001,0.4502512515,0.019053848232191924
0.000741,0.4502512515,0.022139264660395938
0.0007415,0.4482412012,0.01599267629097562
0.000742,0.4502512515,0.013425683029339365
0.0007425,0.4502512515,0.02830629526273515
0.000743,0.4502512515,0.018581354790203182
0.0007435,0.4502512515,0.016660948261609052
0.000744,0.4502512515,0.014684720264554087
0.0007444999999999999,0.4422110505,0.022361720827981803
0.000745,0.446231151,-0.0024544882244840575
0.0007455000000000001,0.4442211008,0.024987544846706816
0.000746,0.4422110505,0.01683500178282297
0.0007465,0.4482412012,-0.0007767199912207613
0.000747,0.4502512515,0.026618795902286344
0.0007475,0.4422110505,0.02438419934994186
0.000748,0.4582914524,0.021905296404985966
0.0007485,0.4522613017,0.012957967448879362
0.000749,0.446231151,0.041425972540032906
0.0007495,0.446231151,0.0335803822471428
0.00075,0.4502512515,0.022502606729799098
0.0007505000000000001,0.4482412012,0.027828259085841807
0.0007509999999999999,0.4502512515,0.018283272141014155
0.0007515,0.4562814022,0.0332183458977328
0.0007520000000000001,0.4502512515,0.03583071902467776
0.0007525,0.4502512515,0.023904215373375393
0.000753,0.446231151,0.0200123309861006
0.0007535,0.4502512515,0.04649564706245543
0.000754,0.4422110505,0.0141694139254237
0.0007545,0.4562814021,0.01796861539863986
0.000755,0.446231151,0.02630795716847888
0.0007555,0.4422110505,0.033596685233644404
0.0007559999999999999,0.4422110505,0.0239756330489124
0.0007565,0.4502512515,0.029522973177688074
0.0007570000000000001,0.446231151,0.04664410286258346
0.0007575,0.4502512515,0.03504673967864791
0.000758,0.4502512515,0.0254280636602126
0.0007585000000000001,0.4442211008,0.02628179511803899
0.000759,0.446231151,0.0466214245838199
0.0007595,0.4502512515,0.039974690027383325
0.00076,0.4422110505,0.03475748032425717
0.0007605,0.4422110505,0.036899538917416076
0.000761,0.446231151,0.036635550570501656
0.0007615,0.4482412012,0.04030252167982166
0.0007620000000000001,0.4502512515,0.03190162946114989
0.0007624999999999999,0.4442211008,0.04390110534616702
0.000763,0.446231151,0.049874580935727775
0.0007635000000000001,0.4482412012,0.03708662539311789
0.000764,0.4502512515,0.0525031359157133
0.0007645,0.4502512515,0.049672512734299026
0.0007650000000000001,0.446231151,0.045054119474762795
0.0007655,0.4442211008,0.04260149092219913
0.000766,0.4502512515,0.04106977850987899
0.0007665,0.4442211008,0.04398565073528702
0.000767,0.4422110505,0.05489607914168634
0.0007675,0.4482412012,0.04163708503759367
0.000768,0.4502512515,0.05023501525665782
0.0007685000000000001,0.4422110505,0.04472775240431208
0.0007689999999999999,0.446231151,0.04675718864052374
0.0007695,0.4482412012,0.039537712720911805
0.0007700000000000001,0.4422110505,0.041716694065903455
0.0007705,0.4361808999,0.05104746378362883
0.000771,0.4422110506,0.03658384078587546
0.0007715,0.4422110505,0.042651133727240095
0.000772,0.4341708496,0.03229331685176994
0.0007725,0.4422110505,0.04716588367456928
0.000773,0.4502512515,0.04338504866099507
0.0007735,0.4361808998,0.04907063953632294
0.000774,0.4422110505,0.04886647270633367
0.0007745,0.4422110505,0.04635779365619572
0.0007750000000000001,0.446231151,0.0448899702241347
0.0007754999999999999,0.4402010003,0.06076016009544573
0.000776,0.4422110505,0.05869093577095925
0.0007765000000000001,0.4402010003,0.056047538273341954
0.000777,0.4381909501,0.051657856878436006
0.0007775,0.4482412012,0.055857754270217594
0.000778,0.4341708496,0.04818163456227794
0.0007785,0.4422110505,0.047327139230721293
0.000779,0.4422110505,0.06835266988104514
0.0007795,0.4402010003,0.04407646774677504
0.00078,0.4422110505,0.04604615510753093
0.0007804999999999999,0.4361808999,0.05631418076795908
0.000781,0.4422110505,0.05060609673097355
0.0007815000000000001,0.4361808998,0.05662049607578024
0.000782,0.4422110505,0.05380530330307342
0.0007825,0.4361808999,0.05809496106465631
0.0007830000000000001,0.4381909501,0.05650468386894897
0.0007835,0.4402010003,0.06860926893594038
0.000784,0.4422110505,0.07063429406948826
0.0007845,0.4422110505,0.057653493809075015
0.000785,0.4381909501,0.04769548911793862
0.0007855,0.4402010003,0.04303908687789224
0.000786,0.4341708496,0.06353742981350012
0.0007865000000000001,0.4341708496,0.05008053860860033
0.0007869999999999999,0.4341708496,0.06655310898435796
0.0007875,0.4341708496,0.05624007040456845
0.0007880000000000001,0.4261306487,0.05338407425261133
0.0007885,0.4341708496,0.07282706395675623
0.000789,0.4301507492,0.06587894353970862
0.0007895,0.4341708496,0.07396713524689079
0.00079,0.4261306487,0.06892234960921799
0.0007905,0.4341708496,0.05352754563213143
0.000791,0.4261306487,0.06090563819971144
0.0007915,0.4281406989,0.06986044168620623
0.000792,0.4422110505,0.07202848869383886
0.0007925,0.4341708496,0.05950467113287341
0.0007930000000000001,0.4261306487,0.0564674801036221
0.0007934999999999999,0.4281406989,0.04822550423096888
0.000794,0.4341708496,0.06413426748256393
0.0007945000000000001,0.4261306487,0.0647872244886408
0.000795,0.4261306487,0.0710002732843622
0.0007955,0.4321607994,0.06976737813735985
0.000796,0.4180904478,0.07407922965934939
0.0007965,0.4321607994,0.0558456573906241
0.000797,0.4221105482,0.08097283438461539
0.0007975,0.4321607994,0.07631156480305408
0.000798,0.4261306487,0.06601142890912293
0.0007985,0.4261306487,0.059718560741509545
0.000799,0.4261306487,0.07810166010274718
0.0007995000000000001,0.4261306487,0.06340781472369485
0.0007999999999999999,0.4180904478,0.0694463886484693
0.0008005,0.4241205985,0.07668459081599012
0.0008010000000000001,0.4261306487,0.07505822288207016
0.0008015,0.4180904478,0.07544789954937343
0.000802,0.4261306487,0.061033456830965824
0.0008025,0.4261306487,0.07579400321288864
0.000803,0.4221105482,0.0646996742518363
0.0008035,0.4241205985,0.07675972695116098
0.000804,0.4180904478,0.0843830649802488
0.0008045,0.4180904478,0.08767990486821725
0.0008049999999999999,0.4180904478,0.06839227472040343
0.0008055,0.4180904478,0.07636120472363946
0.0008060000000000001,0.4180904478,0.08928018196354678
0.0008065,0.4261306487,0.07550920949421806
0.000807,0.4180904478,0.06790256052430597
0.0008075000000000001,0.420100498,0.08278552230131114
0.000808,0.4180904478,0.0871164149646551
0.0008085,0.4221105482,0.08696048230647604
0.000809,0.4140703473,0.08620091367439435
0.0008095,0.4160803976,0.07979456424055978
0.00081,0.4180904478,0.09493253238316274
0.0008105,0.4120602971,0.07514203276830961
0.0008110000000000001,0.4140703473,0.07205856528695082
0.0008114999999999999,0.4180904478,0.06749576893679066
0.000812,0.4100502469,0.07404555240280938
0.0008125000000000001,0.4020100459,0.07262192676104195
0.000813,0.4100502469,0.08082390392174876
0.0008135,0.4100502469,0.07763987922688491
0.000814,0.4020100459,0.07874703837397724
0.0008145,0.4080401966,0.0883570471606608
0.000815,0.4060301464,0.1017004246673609
0.0008155,0.4040200962,0.08786127665153123
0.000816,0.4020100459,0.0773712499247792
0.0008165,0.4100502469,0.0810135510641283
0.000817,0.4020100459,0.07472458239519757
0.0008175000000000001,0.3999999957,0.09178577433019709
0.0008179999999999999,0.4100502469,0.09567697970013299
0.0008185,0.4040200962,0.0906662133846448
0.0008190000000000001,0.4060301464,0.07900243803001143
0.0008195,0.4060301464,0.09910812761375887
0.00082,0.4020100459,0.07486679959918298
0.0008205,0.3999999957,0.09585586154992959
0.000821,0.4020100459,0.09856021886433353
0.0008215,0.4020100459,0.09422050593752078
0.000822,0.393969845,0.09094899322073174
0.0008225,0.3999999957,0.08294251579683243
0.000823,0.4020100459,0.09191863030601786
0.0008235,0.393969845,0.09700221457447153
0.0008240000000000001,0.393969845,0.08649897354413216
0.0008244999999999999,0.3999999957,0.08537691297166383
0.000825,0.3979899455,0.07913086053040737
0.0008255000000000001,0.3919597948,0.10085067525249668
0.000826,0.393969845,0.07744033140481377
0.0008265,0.3999999957,0.09622019381071865
0.000827,0.393969845,0.09672727269493485
0.0008275,0.3859296441,0.09297586887609471
0.000828,0.393969845,0.08978675224082078
0.0008285,0.3859296441,0.10481775186164125
0.000829,0.3859296441,0.0895785642726105
0.0008294999999999999,0.3919597948,0.09244317219283625
0.00083,0.3859296441,0.09729523353011607
0.0008305000000000001,0.3919597948,0.09202154619216332
0.000831,0.3859296441,0.10166116045573972
0.0008315,0.3879396943,0.10834684682868667
0.0008320000000000001,0.3778894432,0.11115619193076703
0.0008325,0.3859296441,0.09195648951067403
0.000833,0.3819095436,0.10763954323621983
0.0008335,0.3839195939,0.0999108829809817
0.000834,0.3778894432,0.10598547983678981
0.0008345,0.3859296441,0.09692516088843219
0.000835,0.3778894432,0.09120701675594617
0.0008355000000000001,0.3778894432,0.0880643424592566
0.0008359999999999999,0.3859296441,0.11060457910211519
0.0008365,0.3798994934,0.09884757479864924
0.0008370000000000001,0.3738693427,0.10082970266765615
0.0008375,0.3798994934,0.10826244209786744
0.000838,0.3778894432,0.10368373466628328
0.0008385,0.3839195939,0.10156415647180547
0.000839,0.3738693427,0.10918458419969657
0.0008395,0.375879393,0.09307355384881724
0.00084,0.3778894432,0.1162010944763185
0.0008405,0.3698492423,0.10392658370277263
0.000841,0.3698492423,0.10117905265631584
0.0008415,0.3698492423,0.08591199825015429
0.0008420000000000001,0.3698492423,0.10704311423659695
0.0008424999999999999,0.3698492423,0.12412895470089494
0.000843,0.3658291418,0.10529011110353517
0.0008435000000000001,0.367839192,0.10143745190751133
0.000844,0.3618090414,0.10168027454038484
0.0008445,0.3638190916,0.10482245190930287
0.000845,0.3618090414,0.10635578199135323
0.0008455,0.3618090414,0.0971496328972717
0.000846,0.3698492423,0.11483111574563455
0.0008465,0.3618090414,0.09798684913883349
0.000847,0.3618090414,0.11237830705000121
0.0008475,0.3597989911,0.11557336873596696
0.000848,0.3618090413,0.10502782912502073
0.0008485000000000001,0.3597989911,0.11003606142769688
0.000849,0.3618090414,0.10212564260335887
0.0008495,0.3597989911,0.10479200592596778
0.0008500000000000001,0.3537688404,0.09872092650798707
0.0008505,0.3557788907,0.11419778009752307
0.000851,0.3537688404,0.11490551226140792
0.0008515,0.3477386897,0.10849042515343925
0.000852,0.3618090413,0.11244994118463425
0.0008525,0.3537688404,0.09602348504169363
0.000853,0.3537688404,0.1001310354858763
0.0008535,0.3537688404,0.09945068097674191
0.0008539999999999999,0.3537688404,0.11242586403315401
0.0008545,0.3477386897,0.10501463766665783
0.0008550000000000001,0.3457286395,0.12430141992583772
0.0008555,0.3517587902,0.10834967250799259
0.000856,0.3457286395,0.11046223783113904
0.0008565000000000001,0.3457286395,0.10415574283440822
0.000857,0.3457286395,0.12578492919233702
0.0008575,0.3457286395,0.11723084390885516
0.000858,0.3457286395,0.11567180233035575
0.0008585,0.3437185893,0.11301912319894447
0.000859,0.3376884386,0.10075144069428583
0.0008595,0.3396984888,0.11111777627981664
0.0008600000000000001,0.3296482377,0.11282934629401899
0.0008604999999999999,0.3457286395,0.1183950887455364
0.000861,0.3376884386,0.12203571246090635
0.0008615000000000001,0.3316582879,0.10599846826161158
0.000862,0.3296482377,0.11640471191761313
0.0008625,0.3376884386,0.11216004956496751
0.000863,0.3376884386,0.11075034719074818
0.0008635,0.3376884386,0.1088490355994952
0.000864,0.3376884386,0.11858092545540662
0.0008645,0.341708539,0.0992718390742893
0.000865,0.3296482377,0.11945734366301211
0.0008655,0.3296482377,0.11198874089771539
0.000866,0.3296482377,0.12333137947227277
0.0008665000000000001,0.3316582879,0.11062832424631898
0.0008669999999999999,0.3296482377,0.11384596182468942
0.0008675,0.3276381875,0.12044186991651135
0.0008680000000000001,0.3296482377,0.1255777966031876
0.0008685,0.3216080368,0.11224649233489986
0.000869,0.3216080368,0.12850893989200285
0.0008695,0.3175879363,0.10554181627012983
0.00087,0.3216080368,0.12695715875298336
0.0008705,0.3216080368,0.11055409824316385
0.000871,0.3216080368,0.11909017673059762
0.0008715,0.3195979865,0.1293991931375678
0.0008719999999999999,0.3135678358,0.11212890851492131
0.0008725,0.3115577856,0.13396277529061484
0.0008730000000000001,0.3135678358,0.11512181428515743
0.0008735,0.3135678358,0.12904248845518243
0.000874,0.3135678358,0.12089884003276238
0.0008745000000000001,0.3135678358,0.12445386989208122
0.000875,0.3135678358,0.1184967424295075
0.0008755,0.3075376851,0.12861202395268642
0.000876,0.297487434,0.1394657686405146
0.0008765,0.3055276349,0.12541090267686839
0.000877,0.3095477354,0.13233127334104183
0.0008775,0.3055276349,0.1218842168096052
0.0008780000000000001,0.3055276349,0.12256713445928308
0.0008784999999999999,0.3035175847,0.11625596492585287
0.000879,0.297487434,0.12606438529584016
0.0008795000000000001,0.297487434,0.12499863182253827
0.00088,0.2894472331,0.11906330839376154
0.0008805,0.297487434,0.13586882417928925
0.0008810000000000001,0.297487434,0.12527807547389122
0.0008815,0.297487434,0.11879479203557403
0.000882,0.297487434,0.12526625209393902
0.0008825,0.297487434,0.13449758472767115
0.000883,0.2934673335,0.14202236539025206
0.0008835,0.2894472331,0.11694494783426544
0.000884,0.2894472331,0.11801699922089716
0.0008845000000000001,0.297487434,0.12674744017165726
0.0008849999999999999,0.2894472331,0.12067452528684083
0.0008855,0.2834170824,0.12167574256017827
0.0008860000000000001,0.2814070322,0.1288834074866316
0.0008865,0.2834170824,0.12872548568112233
0.000887,0.2814070322,0.1339251064658457
0.0008875,0.2814070322,0.12612561879466103
0.000888,0.2814070322,0.12636836611380248
0.0008885,0.2733668312,0.11166593319590278
0.000889,0.2733668312,0.13121609227248462
0.0008895,0.2814070322,0.12403601251902106
0.00089,0.2733668313,0.12417132974467021
0.0008905,0.2814070322,0.1325175191216499
0.0008910000000000001,0.2733668312,0.12010747491593632
0.0008914999999999999,0.2753768815,0.10791372434468952
0.000892,0.2733668312,0.12389299782745031
0.0008925000000000001,0.2733668312,0.11819019213063672
0.000893,0.2693467308,0.1349329369713243
0.0008935,0.2653266303,0.12605620563060407
0.000894,0.2653266303,0.14288318182057788
0.0008945,0.2653266303,0.12207996216895953
0.000895,0.2653266303,0.12478917104096535
0.0008955,0.2653266303,0.134002961162095
0.000896,0.2653266303,0.12455199044827975
0.0008964999999999999,0.2633165801,0.14200027409283675
0.000897,0.2572864294,0.12117838196865365
0.0008975000000000001,0.2592964796,0.12142851041954315
0.000898,0.2572864294,0.1197218971538298
0.0008985,0.2572864294,0.13782540440562507
0.0008990000000000001,0.253266329,0.13509598472895276
0.0008995,0.2572864294,0.12413994608874399
0.0009,0.2572864294,0.12062279034678322
0.0009005,0.2492462285,0.12657986911651728
0.000901,0.245226128,0.13757219647112098
0.0009015,0.2572864294,0.1361473348869872
0.000902,0.2412060276,0.1430123324522613
0.0009025000000000001,0.2492462285,0.14218218774957025
0.0009029999999999999,0.245226128,0.12814269152110497
0.0009035,0.2412060276,0.13266221728192903
0.0009040000000000001,0.2492462285,0.12913652362119257
0.0009045,0.2412060276,0.11538558946703269
0.000905,0.2412060276,0.13484204939124037
0.0009055000000000001,0.2412060276,0.13904935884041336
0.000906,0.2412060276,0.12696870325351178
0.0009065,0.2331658266,0.12675185814774925
0.000907,0.2371859271,0.1339420843753291
0.0009075,0.2331658266,0.12377165298113812
0.000908,0.2331658267,0.1168483607065921
0.0009085,0.2311557764,0.13570912298648855
0.0009090000000000001,0.2331658266,0.12222792165197101
0.0009094999999999999,0.2251256257,0.13275667087023948
0.00091,0.2251256257,0.1396721277443426
0.0009105000000000001,0.2251256257,0.12426155433235857
0.000911,0.2291457262,0.13776107349920427
0.0009115,0.2251256257,0.14676784161636527
0.000912,0.2251256257,0.12489080319098851
0.0009125,0.2251256257,0.12027256618127988
0.000913,0.2170854248,0.13597041003410684
0.0009135,0.2170854248,0.13913206772417655
0.000914,0.2170854248,0.14158615862910903
0.0009145,0.2170854248,0.1416700658678041
0.000915,0.2130653244,0.13040945611332302
0.0009155000000000001,0.2231155755,0.12507664327422535
0.0009159999999999999,0.2090452239,0.14046179244882398
0.0009165,0.2090452239,0.13757140804083276
0.0009170000000000001,0.2130653243,0.14416412057985173
0.0009175,0.2110552741,0.13099702820152984
0.000918,0.2090452239,0.1423708770220242
0.0009185,0.2090452239,0.12861088800379125
0.000919,0.2090452239,0.14478382282728097
0.0009195,0.2090452239,0.13002230166071524
0.00092,0.201005023,0.14406628852777628
0.0009205,0.2090452239,0.1454532654971083
0.0009209999999999999,0.1969849225,0.14369264910502008
0.0009215,0.201005023,0.14875438147698422
0.0009220000000000001,0.201005023,0.12921351769788414
0.0009225,0.1949748723,0.1411661499790085
0.000923,0.1969849225,0.14874144442731982
0.0009235000000000001,0.2070351737,0.1437838631027214
0.000924,0.1929648221,0.14261162885995693
0.0009245,0.1929648221,0.12824513494083328
0.000925,0.1929648221,0.14265111515034468
0.0009255,0.1929648221,0.1375817224231493
0.000926,0.192964822,0.1507345021841912
0.0009265,0.1849246211,0.1435460657696849
0.0009270000000000001,0.1849246211,0.1397838812643976
0.0009274999999999999,0.1849246211,0.14036566404823064
0.000928,0.1849246211,0.13458696439227627
0.0009285000000000001,0.1849246211,0.12847362140065766
0.000929,0.1768844202,0.1390999956581201
0.0009295,0.1768844202,0.13834989153888005
0.00093,0.1768844202,0.1366133432913839
0.0009305,0.17487437,0.1314558362335298
0.000931,0.1728643198,0.1226601585745462
0.0009315,0.1708542695,0.13521395735269612
0.000932,0.1608040184,0.13926335485979868
0.0009325,0.1768844202,0.12873085126358944
0.000933,0.1728643198,0.13676460999880594
0.0009335000000000001,0.1768844202,0.15340600410148816
0.0009339999999999999,0.1608040184,0.14992718874129027
0.0009345,0.1628140686,0.14642129718307514
0.0009350000000000001,0.1648241188,0.11548004754509893
0.0009355,0.1608040184,0.1340833133588003
0.000936,0.1608040184,0.1217215931292204
0.0009365,0.1608040184,0.11856172447818177
0.000937,0.1608040184,0.13524578195319703
0.0009375,0.1608040184,0.14648039553684394
0.000938,0.1527638175,0.1503655888013735
0.0009385,0.1527638175,0.12796040293869584
0.000939,0.1527638175,0.14394803720169674
0.0009395,0.1527638175,0.12721191816044716
0.0009400000000000001,0.1527638175,0.14574328313869003
0.0009404999999999999,0.1527638175,0.14401110289224253
0.000941,0.1407035161,0.1492272038355257
0.0009415000000000001,0.1507537672,0.1369698329761549
0.000942,0.1447236165,0.1359787887203262
0.0009425,0.1427135663,0.142935570045034
0.000943,0.1447236165,0.1370096601683554
0.0009435,0.1447236165,0.13879330474766524
0.000944,0.1447236165,0.14189496750843283
0.0009445,0.1366834156,0.14154953228081324
0.000945,0.1366834156,0.14588662622354664
0.0009454999999999999,0.1366834156,0.1314398906413824
0.000946,0.1366834156,0.13416820476218644
0.0009465000000000001,0.1286432147,0.14564696301251168
0.000947,0.1326633152,0.1487852730675085
0.0009475,0.1306532649,0.14695869931142783
0.0009480000000000001,0.1286432147,0.15249979141063044
0.0009485,0.1286432147,0.13196965645293282
0.000949,0.1286432147,0.14234477497618145
0.0009495,0.1286432147,0.13511429960069224
0.00095,0.1206030138,0.14212391492484341
0.0009505,0.1266331645,0.1264592836511173
0.000951,0.1206030138,0.16233455428667481
0.0009515000000000001,0.1206030138,0.12642145564107962
0.0009519999999999999,0.1206030138,0.14065254499342572
0.0009525,0.1185929635,0.1452892051190307
0.0009530000000000001,0.1206030138,0.12847218561225385
0.0009535,0.1125628129,0.14496508226735422
0.000954,0.1125628129,0.14419549257948142
0.0009545,0.1065326622,0.14109204952042728
0.000955,0.1085427124,0.13982554749658044
0.0009555,0.1125628129,0.13303249932749325
0.000956,0.1125628129,0.14609961405826294
0.0009565,0.1045226119,0.12945283759085977
0.000957,0.1045226119,0.13287329985248242
0.0009575,0.1105527626,0.12881766347643817
0.0009580000000000001,0.104522612,0.12300087669450083
0.0009584999999999999,0.0984924613,0.14185484764707404
0.000959,0.1005025115,0.13142864611440103
0.0009595000000000001,0.1025125617,0.12623286929671504
0.00096,0.096482411,0.1427449594679059
0.0009605,0.1025125617,0.13001555134899853
0.000961,0.0924623106,0.13029538710675434
0.0009615,0.0904522603,0.14438670101094458
0.000962,0.0884422101,0.1534158891716309
0.0009625,0.0884422101,0.15172688841642298
0.000963,0.0884422101,0.14213338019334404
0.0009635,0.0884422101,0.13875899798071015
0.000964,0.0884422101,0.1339010564547189
0.0009645000000000001,0.0824120594,0.1290981057421829
0.000965,0.0884422101,0.14447001333752768
0.0009655,0.0804020092,0.1270863566250842
0.0009660000000000001,0.0804020092,0.13820821043206943
0.0009665,0.0804020092,0.13366998315648385
0.000967,0.0763819087,0.14086279821718864
0.0009675,0.078391959,0.15200772280499586
0.000968,0.0723618083,0.14051444639844474
0.0009685,0.0723618083,0.14714395151164153
0.000969,0.0763819087,0.13219856484543668
0.0009695,0.0643216074,0.1416587992876012
0.0009699999999999999,0.0723618083,0.13225752248495637
0.0009705,0.0663316576,0.14057626653096933
0.0009710000000000001,0.0683417078,0.1244171259898217
0.0009715,0.0582914567,0.13760155745853375
0.000972,0.0562814064,0.13871800991344105
0.0009725000000000001,0.0582914567,0.1250193665374617
0.000973,0.0562814064,0.13873249124709064
0.0009735,0.0623115571,0.14178215635382374
0.000974,0.0562814064,0.13851572972175766
0.0009745,0.0562814064,0.1397014460120906
0.000975,0.0562814064,0.13406966727526373
0.0009755,0.0542713562,0.13894864138449764
0.0009760000000000001,0.0482412055,0.12823819344465084
0.0009764999999999999,0.0542713562,0.1331759601939468
0.000977,0.052261306,0.12637953023635634
0.0009775,0.0482412055,0.135316803431963
0.0009780000000000001,0.0402010046,0.12924843064250444
0.0009785,0.0462311553,0.13324758878668744
0.000979,0.0442211051,0.13706888658630825
0.0009795,0.0402010046,0.1440745444679435
0.00098,0.0402010046,0.13801091391255174
0.0009805,0.0402010046,0.12567249541235237
0.000981,0.0361809041,0.13929131909856934
0.0009815,0.0321608037,0.14267058899218563
0.000982,0.0402010046,0.137061370162354
0.0009825,0.0321608037,0.1327782722795592
0.000983,0.0321608037,0.1395801185246492
0.0009835,0.0321608037,0.12928418296839927
0.000984,0.0241206028,0.13917049005566695
0.0009845000000000001,0.026130653,0.13821867958745193
0.000985,0.0241206028,0.1274570413034764
0.0009855,0.0160804018,0.13516830517228332
0.000986,0.0241206028,0.1367129760438239
0.0009865,0.0241206028,0.1351429417364563
0.000987,0.0201005023,0.13974351010123004
0.0009875,0.0160804018,0.12705950125209442
0.000988,0.0241206027,0.15610638620498163
0.0009885,0.0140703516,0.14448403341590774
0.0009889999999999999,0.0080402009,0.1237176195692139
0.0009895,0.0140703516,0.13807428722837423
0.00099,0.0080402009,0.12196627919226062
0.0009905,0.0080402009,0.13088995898071473
0.0009910000000000001,0.0080402009,0.13444141596296175
0.0009915,0.0020100502,0.13059465708390802
0.000992,0.0080402009,0.12741328465386492
0.0009925,0.0,0.13684034958063612
0.000993,0.0,0.1475050005126035
0.0009935,0.0,0.12456002435366499
0.000994,0.0,0.12251932075221757
0.0009945000000000002,0.0,0.118710021597275
0.000995,0.0,0.13080480680317627
0.0009954999999999999,0.0,0.13402620644268493
0.000996,-0.0,0.1316603202848844
0.0009965,-0.0080402009,0.14570599423697395
0.000997,-0.0040201005,0.12727474253299337
0.0009975000000000001,-0.0080402009,0.13982728979154432
0.000998,-0.0160804018,0.1332570307771314
0.0009985,-0.0140703516,0.12682426800003704
0.0009989999999999999,-0.0160804018,0.12452338325742365
0.0009995,-0.0080402009,0.1272078811511737
