time_s,Vin_V,VL_V
0.0,-0.0160804018,-0.0344389928792257
4.999999999999579e-07,-0.0241206028,-0.015886906685898563
1.0000000000000243e-06,-0.0201005023,-0.012180736706653705
1.4999999999999823e-06,-0.0241206028,0.006350833184975364
2.0000000000000486e-06,-0.0160804018,0.018256755583383938
2.5000000000000066e-06,-0.0180904521,-0.005162153609162306
2.9999999999999645e-06,-0.0201005023,-0.016759886082529294
3.500000000000031e-06,-0.0241206028,-0.01506303813151334
3.999999999999989e-06,-0.0241206028,-0.020580532698657936
4.500000000000055e-06,-0.0321608037,-0.017920993170445695
5.000000000000013e-06,-0.0321608037,0.016835016729053087
5.499999999999971e-06,-0.0221105525,0.014420876577482256
6.000000000000037e-06,-0.0321608037,-0.023799011651833527
6.499999999999995e-06,-0.0321608037,-0.008876766749094323
7.000000000000062e-06,-0.0361809041,-0.0051953716132477614
7.50000000000002e-06,-0.0321608037,0.012797754883952975
7.999999999999978e-06,-0.0321608037,-0.02128243503279789
8.500000000000044e-06,-0.0341708539,-0.014717334895092053
9.000000000000002e-06,-0.0402010046,0.0032407609041836868
9.49999999999996e-06,-0.0402010046,-0.012876951686663338
1.0000000000000026e-05,-0.0482412055,-0.023451676373217586
1.0499999999999984e-05,-0.0462311553,0.007493075581742548
1.100000000000005e-05,-0.052261306,-0.0130135299113054
1.1500000000000008e-05,-0.0562814064,0.00952846401021157
1.200000000000002e-05,-0.0482412055,0.014534920066811619
1.2500000000000033e-05,-0.0482412055,-0.011589868975881356
1.299999999999999e-05,-0.0562814064,-0.0038448039519727176
1.3500000000000003e-05,-0.0502512557,0.036820417567021826
1.4000000000000015e-05,-0.0482412055,-0.0031313230598669934
1.4500000000000027e-05,-0.0562814064,-0.01719660181639698
1.4999999999999985e-05,-0.0562814064,0.0014178805474776366
1.5499999999999997e-05,-0.0562814064,-0.012587540030809112
1.600000000000001e-05,-0.0643216074,-0.0005708583003526356
1.650000000000002e-05,-0.0643216074,0.026316488601050306
1.7000000000000034e-05,-0.0562814064,-0.00703656497737614
1.749999999999999e-05,-0.0643216074,-0.0325098842919904
1.8000000000000004e-05,-0.0723618083,-0.023057891685907113
1.8500000000000016e-05,-0.0723618083,0.02462945037189095
1.9000000000000028e-05,-0.0643216074,0.0028790454821969414
1.9499999999999986e-05,-0.0723618083,-0.01170971071342697
1.9999999999999998e-05,-0.0723618083,-5.574898563606191e-05
2.050000000000001e-05,-0.0743718585,-0.033228898440469806
2.1000000000000023e-05,-0.0844221096,-0.011303891312169616
2.1500000000000035e-05,-0.0723618083,0.009790716947737595
2.1999999999999993e-05,-0.0804020092,-0.024760822418694192
2.2500000000000005e-05,-0.0804020092,0.0035372786592083785
2.3000000000000017e-05,-0.0804020092,-0.01866211154624564
2.350000000000003e-05,-0.0864321599,-0.01258767619831205
2.3999999999999987e-05,-0.0884422101,-0.003089998068262926
2.45e-05,-0.0884422101,0.026472254116253365
2.500000000000001e-05,-0.0884422101,0.007063138886964107
2.5500000000000024e-05,-0.0884422101,0.011643193785487374
2.6000000000000036e-05,-0.0884422101,-0.006426116062647352
2.6499999999999994e-05,-0.0904522603,-0.0008636379030145412
2.7000000000000006e-05,-0.0924623106,-0.029957416026485016
2.7500000000000018e-05,-0.096482411,-0.009631161684618047
2.800000000000003e-05,-0.096482411,-0.027842068455345287
2.8499999999999988e-05,-0.1025125617,0.016026636019442986
2.9e-05,-0.0924623106,0.003940319344308274
2.9500000000000012e-05,-0.0984924613,-0.030511795687030798
3.0000000000000024e-05,-0.1045226119,-0.01824655391282156
3.0500000000000037e-05,-0.1105527626,-0.001384998809715177
3.0999999999999995e-05,-0.1045226119,-0.0011240230400899724
3.150000000000001e-05,-0.1105527626,-0.0029289719735422727
3.200000000000002e-05,-0.1045226119,0.006535088042877358
3.250000000000003e-05,-0.1105527626,0.001906107012609997
3.299999999999999e-05,-0.1085427124,0.004447595138642494
3.35e-05,-0.1105527626,-0.0028661770580346996
3.400000000000001e-05,-0.1125628129,-0.008821646397202842
3.4500000000000025e-05,-0.1125628129,-0.012557646187977816
3.499999999999998e-05,-0.1165829133,-0.0021839319340340706
3.5499999999999996e-05,-0.1206030138,0.003283293351736683
3.600000000000001e-05,-0.1206030138,0.03028046076342805
3.650000000000002e-05,-0.1145728631,0.009612802654882818
3.700000000000003e-05,-0.1165829133,-0.0170589347327552
3.749999999999999e-05,-0.122613064,-0.006887598238865215
3.8e-05,-0.1206030138,-0.014487930799358182
3.8500000000000014e-05,-0.1286432147,-0.01565685523285111
3.9000000000000026e-05,-0.1286432147,0.012373795079850987
3.9499999999999984e-05,-0.122613064,-0.00632691297695792
3.9999999999999996e-05,-0.1286432147,-0.009760329760936198
4.050000000000001e-05,-0.1286432147,-0.013146897097705697
4.100000000000002e-05,-0.1366834156,-0.010386736839980492
4.150000000000003e-05,-0.1346733654,0.010695610210641486
4.199999999999999e-05,-0.1366834156,0.01704734217840264
4.25e-05,-0.1306532649,0.006029856135098993
4.3000000000000015e-05,-0.1366834156,-0.024931166811266003
4.350000000000003e-05,-0.1427135663,0.019564451534088916
4.3999999999999985e-05,-0.1286432147,0.016249340490932955
4.45e-05,-0.1427135663,-0.007408331530720423
4.500000000000001e-05,-0.1366834156,0.003629087352913366
4.550000000000002e-05,-0.1447236165,-0.01509415439554573
4.6000000000000034e-05,-0.1447236165,-0.016498746680367025
4.649999999999999e-05,-0.1507537672,-0.00396288408108904
4.7000000000000004e-05,-0.148743717,0.0076656719252870655
4.7500000000000016e-05,-0.1507537672,0.011871160895381485
4.800000000000003e-05,-0.1447236165,0.015880260010753745
4.8499999999999986e-05,-0.1467336668,-0.02224309635244623
4.9e-05,-0.1527638175,-0.031371247545237915
4.950000000000001e-05,-0.1587939681,-0.015638583011218694
5.000000000000002e-05,-0.1608040184,-0.003987726146377126
5.0500000000000035e-05,-0.1608040184,0.03359213649603894
5.099999999999999e-05,-0.1527638175,-0.00414840427518967
5.1500000000000005e-05,-0.1587939681,-0.0201749296896309
5.200000000000002e-05,-0.1608040184,-0.04333508316483729
5.250000000000003e-05,-0.1688442193,-0.023286514813764862
5.299999999999999e-05,-0.1688442193,0.012062707460352621
5.35e-05,-0.1628140686,0.023617392888054208
5.400000000000001e-05,-0.1608040184,-0.005928549449647014
5.4500000000000024e-05,-0.1688442193,-0.05077997847413956
5.5000000000000036e-05,-0.1768844202,-0.0026822295105530763
5.5499999999999994e-05,-0.1708542695,0.003792656372499147
5.6000000000000006e-05,-0.1768844202,-0.015905143777020115
5.650000000000002e-05,-0.1768844202,0.002268407928192327
5.700000000000003e-05,-0.1768844202,0.006448374126086479
5.749999999999999e-05,-0.17487437,0.004190943055016726
5.8e-05,-0.1768844202,-0.01297778341527916
5.850000000000001e-05,-0.1849246211,0.000974696098927569
5.9000000000000025e-05,-0.1768844202,0.011433475077064301
5.950000000000004e-05,-0.1768844202,-0.01160025513253948
5.9999999999999995e-05,-0.1929648221,-0.015457687433017994
6.050000000000001e-05,-0.1869346714,-0.009970335539794779
6.100000000000002e-05,-0.1889447216,0.004515534166751784
6.150000000000003e-05,-0.1869346714,-0.009853504530214309
6.199999999999999e-05,-0.1929648221,-0.0028320139346558844
6.25e-05,-0.1849246211,0.017197112184181927
6.300000000000001e-05,-0.1929648221,-0.0201406485316587
6.350000000000003e-05,-0.1929648221,-0.0006869682586515845
6.399999999999998e-05,-0.1929648221,-0.002835186963735489
6.45e-05,-0.1989949727,0.0029298512643308227
6.500000000000001e-05,-0.1929648221,0.0036780426692327403
6.550000000000002e-05,-0.1989949727,-0.033018150784396655
6.600000000000003e-05,-0.201005023,-0.014785406296337025
6.649999999999999e-05,-0.201005023,0.002402174104455432
6.7e-05,-0.201005023,-0.014804718173629008
6.750000000000001e-05,-0.201005023,-0.011336287392675528
6.800000000000003e-05,-0.2090452239,-0.0008121282967886562
6.849999999999998e-05,-0.2030150732,0.00361204235427489
6.9e-05,-0.2050251234,-0.0069893223820514105
6.950000000000001e-05,-0.2070351737,-0.0008979051519937978
7.000000000000002e-05,-0.2090452239,0.011397866781895501
7.050000000000003e-05,-0.2070351737,0.0032905235900986627
7.099999999999999e-05,-0.2050251234,-0.009594584395342207
7.15e-05,-0.2150753746,-0.017647823830992414
7.200000000000002e-05,-0.2090452239,0.0005163613773131364
7.250000000000003e-05,-0.2170854248,-0.01854502839524242
7.299999999999999e-05,-0.2170854248,-0.013202698118911144
7.35e-05,-0.219095475,-0.00453191557241117
7.400000000000001e-05,-0.2170854248,-0.00909929180911602
7.450000000000002e-05,-0.2231155755,-0.004359946306227801
7.500000000000003e-05,-0.2170854248,0.015571609322968777
7.549999999999999e-05,-0.219095475,-0.02627554176241037
7.6e-05,-0.2251256257,-0.0025436395321954304
7.650000000000002e-05,-0.2231155755,0.014561427343321876
7.700000000000003e-05,-0.2251256257,-0.0003462490755255605
7.749999999999999e-05,-0.2251256257,-0.010343678240789998
7.8e-05,-0.2331658266,-0.018749875603836473
7.850000000000001e-05,-0.2351758769,-0.004194311841742196
7.900000000000002e-05,-0.2371859271,0.008009007346520826
7.950000000000004e-05,-0.2331658266,-0.00010045009842388902
7.999999999999999e-05,-0.2412060276,-0.017963751639670844
8.05e-05,-0.2371859271,0.00385792112310694
8.100000000000002e-05,-0.2412060276,-0.00679293918720984
8.150000000000003e-05,-0.2412060276,0.007095473625802365
8.199999999999999e-05,-0.2412060276,-0.00493243972349064
8.25e-05,-0.2412060276,-0.008622741970118988
8.300000000000001e-05,-0.2412060276,-0.00012363188714939683
8.350000000000002e-05,-0.2432160778,0.007511708851316834
8.400000000000004e-05,-0.2412060276,-0.007124910180273319
8.45e-05,-0.2472361783,-0.01755312441876856
8.5e-05,-0.245226128,0.002643080888573328
8.550000000000002e-05,-0.2492462285,-0.03195272627700546
8.600000000000003e-05,-0.2572864294,-0.01561234065542227
8.649999999999999e-05,-0.2572864294,0.00155934034067173
8.7e-05,-0.2572864294,0.014788006935877302
8.750000000000001e-05,-0.2552763792,0.004344468049484818
8.800000000000002e-05,-0.2572864294,-0.004060986440881991
8.850000000000004e-05,-0.2552763792,0.00673704793586238
8.9e-05,-0.2572864294,-0.015293348684418721
8.950000000000001e-05,-0.2592964796,0.0004854339235763627
9.000000000000002e-05,-0.2572864294,0.005216254523325168
9.050000000000003e-05,-0.2592964796,0.004281778142235293
9.099999999999999e-05,-0.2613065299,-0.015849497749167395
9.15e-05,-0.271356781,-0.013162979438258626
9.200000000000001e-05,-0.2653266303,0.0207968778348015
9.250000000000003e-05,-0.2633165801,0.00943833468659726
9.299999999999998e-05,-0.2572864294,0.0027375866847461922
9.35e-05,-0.2653266303,-0.023446316505124326
9.400000000000001e-05,-0.2733668312,-0.01870265740114582
9.450000000000002e-05,-0.2733668312,0.005417639732125536
9.500000000000003e-05,-0.2733668312,-0.0037366311403382725
9.549999999999999e-05,-0.2733668312,0.007289088448146761
9.6e-05,-0.2733668312,-0.011530131812561233
9.650000000000001e-05,-0.2753768815,-0.02018572273307012
9.700000000000003e-05,-0.2814070322,0.002654160272026159
9.749999999999998e-05,-0.2733668312,-0.017980924723932108
9.8e-05,-0.2814070322,-0.028371952209365198
9.850000000000001e-05,-0.2834170824,0.002662106598684982
9.900000000000002e-05,-0.2814070322,0.009073708016106446
9.950000000000003e-05,-0.2814070322,0.00830798740045763
9.999999999999999e-05,-0.2814070322,-0.01217302006455255
0.0001005,-0.2854271326,-0.018359164446145437
0.00010100000000000002,-0.2894472331,-0.005004520913620494
0.00010150000000000003,-0.2894472331,0.003929222715012972
0.00010199999999999999,-0.2894472331,0.0022047975783396267
0.0001025,-0.2894472331,0.001670833957905229
0.00010300000000000001,-0.2894472331,0.012644429510932465
0.00010350000000000002,-0.2894472331,-0.004094171245604636
0.00010400000000000003,-0.297487434,0.0028370378765569483
0.00010449999999999999,-0.2894472331,-0.0020334510991716933
0.000105,-0.297487434,-0.0030864091292697004
0.00010550000000000002,-0.2894472331,0.00469632208359716
0.00010600000000000003,-0.297487434,-0.01863038648530976
0.00010649999999999999,-0.297487434,-0.011011124653481435
0.000107,-0.3015075345,0.004260499500516008
0.00010750000000000001,-0.2994974842,-0.005563822765071058
0.00010800000000000002,-0.3055276349,-0.019900545478785933
0.00010850000000000004,-0.3035175847,0.024102122956629723
0.00010899999999999999,-0.3015075345,0.008568744251843249
0.0001095,-0.3015075345,-0.013495393363055653
0.00011000000000000002,-0.3055276349,0.012964420715850807
0.00011050000000000003,-0.2994974842,0.008625641694607871
0.00011099999999999999,-0.3055276349,-0.0019834151541852276
0.0001115,-0.3055276349,-0.02751450924835297
0.00011200000000000001,-0.3135678358,-0.010090788039485587
0.00011250000000000002,-0.3115577856,0.012631999548473338
0.00011300000000000004,-0.3135678358,0.005101992117619885
0.0001135,-0.3095477354,-0.0027716166674559904
0.000114,-0.3135678358,-0.010506161928447836
0.00011450000000000002,-0.3135678358,-0.006868719196569191
0.00011500000000000003,-0.3135678358,-0.0036229652809709892
0.00011549999999999999,-0.3135678358,0.02231960743130657
0.000116,-0.3055276349,-0.012207702512045079
0.00011650000000000001,-0.3256281372,-0.016186776505647312
0.00011700000000000002,-0.3135678358,0.004777891497796016
0.00011750000000000004,-0.3216080368,-0.02985541852951297
0.000118,-0.3296482377,0.005516399495892551
0.00011850000000000001,-0.3216080368,0.01773585318868734
0.00011900000000000002,-0.3216080368,-0.013973525134253678
0.00011950000000000003,-0.3276381874,-5.7920201306963653e-05
0.00011999999999999999,-0.3296482377,-0.006401744728199519
0.0001205,-0.3316582879,0.0005289271843510286
0.00012100000000000001,-0.3336683381,0.0051150368245984935
0.00012150000000000003,-0.3296482377,0.005367468581537237
0.00012199999999999998,-0.3296482377,-0.011070375606911535
0.0001225,-0.3376884386,-0.010095824606797282
0.000123,-0.3336683381,0.0022473755831257584
0.00012350000000000002,-0.3376884386,-0.01112133690916879
0.00012400000000000003,-0.3376884386,-0.02137933991065648
0.0001245,-0.3437185893,0.010278217111569666
0.000125,-0.3376884386,0.013273011288392167
0.00012550000000000001,-0.3376884386,0.0010257217279317629
0.00012600000000000003,-0.3376884386,0.005275454123490163
0.00012649999999999998,-0.3396984888,-0.007988755196973934
0.000127,-0.3417085391,0.008099487596015809
0.0001275,-0.3396984888,-0.009765783435629219
0.00012800000000000002,-0.3457286395,0.000586838685337222
0.00012850000000000003,-0.3457286395,0.011509837728221563
0.000129,-0.3417085391,0.001719003351250806
0.0001295,-0.3477386897,-0.013286616088832168
0.00013000000000000002,-0.3457286395,0.015617898318639408
0.00013050000000000003,-0.3457286395,0.008466550186917065
0.00013099999999999999,-0.3457286395,-0.002300190680578694
0.0001315,-0.3457286395,-0.0037990800945618772
0.000132,-0.3457286395,-0.015947545668095843
0.00013250000000000002,-0.3517587902,0.008707885743197964
0.00013300000000000003,-0.3457286395,0.0018305925937623264
0.0001335,-0.3537688404,-0.016067220751286262
0.000134,-0.3537688404,0.004154121566202859
0.00013450000000000002,-0.3557788907,-0.011834981889911085
0.00013500000000000003,-0.3537688404,-0.006315205486793492
0.0001355,-0.3597989911,-0.0044357069090414135
0.000136,-0.3537688404,0.01998281095541389
0.0001365,-0.3557788907,-0.00561775810271865
0.00013700000000000002,-0.3577889409,-0.013878546059797242
0.00013750000000000004,-0.3618090414,-0.01701347241777524
0.000138,-0.3618090414,0.0005553904910062138
0.0001385,-0.3618090414,-0.00567878103860527
0.00013900000000000002,-0.3658291418,-0.017660063232635494
0.00013950000000000003,-0.3698492423,0.02330021427794586
0.00014,-0.3618090414,0.014817288145562324
0.0001405,-0.3618090414,-0.018909325849272907
0.000141,-0.3658291418,-0.010596743508908494
0.00014150000000000002,-0.367839192,-0.01998874270148776
0.00014200000000000004,-0.3698492423,0.010036093448302485
0.0001425,-0.3698492423,-0.008434262282181158
0.000143,-0.3738693427,0.010305098168616043
0.00014350000000000002,-0.3638190916,0.009910902913455512
0.00014400000000000003,-0.3698492423,-0.02164970093512902
0.0001445,-0.3718592925,0.00665409962863161
0.000145,-0.3698492423,-0.010711560641296337
0.0001455,-0.3778894432,-0.022711216745411433
0.00014600000000000003,-0.3778894432,0.009456293860923705
0.00014650000000000004,-0.3778894432,0.006876804279292521
0.000147,-0.3778894432,0.0015715212533190018
0.0001475,-0.3778894432,0.0015259675514843216
0.00014800000000000002,-0.3778894432,0.0037518894571637058
0.00014850000000000003,-0.3738693427,-0.03307670845027733
0.000149,-0.3859296441,-0.021525148860215594
0.0001495,-0.3798994934,0.002874796787947825
0.00015000000000000001,-0.3859296441,-0.016711729866395506
0.00015050000000000003,-0.3798994934,0.0354382501275593
0.00015099999999999998,-0.3778894432,-0.0319127105422312
0.0001515,-0.3859296441,-0.012138772508203312
0.000152,-0.3859296441,-0.007703519939096523
0.00015250000000000002,-0.3839195939,-0.012813194001566452
0.00015300000000000003,-0.3899497446,-0.033441235657317867
0.0001535,-0.3919597948,-0.005165343492632676
0.000154,-0.393969845,0.024494737012266433
0.00015450000000000001,-0.3879396943,0.03680163548832674
0.00015500000000000003,-0.3859296441,-0.033314718328691574
0.00015549999999999999,-0.3999999957,0.009269965890551832
0.000156,-0.3859296441,0.027429475821374713
0.0001565,-0.3919597948,-0.017565738177550465
0.00015700000000000002,-0.393969845,-0.0007819596251027296
0.00015750000000000003,-0.393969845,-0.008046933891659211
0.000158,-0.393969845,0.0014671948874642455
0.0001585,-0.3959798953,-0.012526416850591063
0.00015900000000000002,-0.3979899455,-0.021340814344032306
0.00015950000000000003,-0.3999999957,-0.00909755545037374
0.00015999999999999999,-0.4020100459,-0.001472133508473336
0.0001605,-0.4040200962,0.009327996172514137
0.000161,-0.4020100459,0.024942994810893914
0.00016150000000000002,-0.393969845,-0.0005073653336550351
0.00016200000000000003,-0.4020100459,-0.022048770821552436
0.0001625,-0.4080401966,0.0025576098838622496
0.000163,-0.3979899455,0.00027798513224215095
0.00016350000000000002,-0.4040200962,-0.00955835385412634
0.00016400000000000003,-0.4020100459,-0.021151116145786845
0.0001645,-0.4080401966,-0.024793659836844575
0.000165,-0.4100502469,-0.002043591302747301
0.0001655,-0.4100502469,0.022657393970946238
0.00016600000000000002,-0.4020100459,-0.005747860220293472
0.00016650000000000004,-0.4100502469,-0.00917987864177124
0.000167,-0.4060301464,0.01204396514503709
0.0001675,-0.4040200962,-0.012995008718834439
0.00016800000000000002,-0.4100502469,-0.016159526987907992
0.00016850000000000003,-0.4100502469,-0.001599987316140346
0.000169,-0.4100502469,0.019919859187786174
0.0001695,-0.4040200962,-0.016341243986503228
0.00017,-0.4180904478,0.006151488650998172
0.00017050000000000002,-0.4100502469,-0.014632386049502732
0.00017100000000000004,-0.4180904478,-0.008923892695162992
0.0001715,-0.4180904478,0.017873407379301365
0.000172,-0.4100502469,0.00429445332355033
0.00017250000000000002,-0.4140703473,-0.006667155580489751
0.00017300000000000003,-0.4140703473,-0.008146950388660392
0.0001735,-0.4180904478,-0.010108354195479228
0.000174,-0.4180904478,-0.00479794518576998
0.0001745,-0.4241205985,0.00715526059933953
0.00017500000000000003,-0.4180904478,0.02621018525416813
0.00017550000000000004,-0.4160803976,0.005861205626650976
0.000176,-0.4180904478,-0.007649895935485993
0.0001765,-0.4241205985,-0.011824158913989271
0.00017700000000000002,-0.4221105482,-0.004088035362742828
0.00017750000000000003,-0.4261306487,-0.013994367228208055
0.000178,-0.4261306487,0.005895929696651329
0.0001785,-0.4241205985,0.006568861712942575
0.00017900000000000001,-0.4261306487,0.023327546148648227
0.00017950000000000003,-0.4120602971,2.616050636207283e-05
0.00017999999999999998,-0.4261306487,-0.03592902972764078
0.0001805,-0.4261306487,0.00208845097616702
0.000181,-0.4301507492,-0.014185284986022164
0.00018150000000000002,-0.4341708496,0.02208976981870154
0.00018200000000000003,-0.4180904478,0.015062460855226075
0.0001825,-0.4321607994,-0.030595820368829046
0.000183,-0.4301507492,0.0013603459751780136
0.00018350000000000002,-0.4321607994,0.020139139349569908
0.00018400000000000003,-0.4261306487,-0.009781027450098677
0.00018449999999999999,-0.4341708496,-0.011391862166529893
0.000185,-0.4301507492,0.008086690331196102
0.0001855,-0.4261306487,-0.01348338750351635
0.00018600000000000002,-0.4341708496,-0.029853327479085385
0.00018650000000000003,-0.4341708496,-0.0018897758758172683
0.000187,-0.4381909501,0.0015883623605849597
0.0001875,-0.4321607994,0.0142192795174994
0.00018800000000000002,-0.4341708496,-0.021363976330703
0.00018850000000000003,-0.4361808999,0.014832501428651241
0.00018899999999999999,-0.4301507492,0.012137022228815134
0.0001895,-0.4341708496,-0.0014364043230838033
0.00019,-0.4341708496,0.0030179831450355644
0.00019050000000000002,-0.4341708496,-0.011895179511349701
0.00019100000000000003,-0.4381909501,-0.01901928937388214
0.0001915,-0.4442211008,0.00048431930395171664
0.000192,-0.4422110505,0.008905838848298897
0.00019250000000000002,-0.4381909501,0.004720845169116524
0.00019300000000000003,-0.4422110505,-0.01505023872754279
0.0001935,-0.4422110505,0.014230154165530603
0.000194,-0.4341708496,0.014788853616331475
0.0001945,-0.4422110505,-0.002134029714891306
0.00019500000000000002,-0.4381909501,-0.013736474771737648
0.00019550000000000004,-0.4402010003,-0.0009290119463471616
0.000196,-0.4422110505,-0.009253691598426693
0.0001965,-0.4422110505,-0.017506841365490064
0.00019700000000000002,-0.4422110505,0.003497117878952373
0.00019750000000000003,-0.4422110505,-0.015749601562619855
0.000198,-0.4502512515,0.0012215572260803123
0.0001985,-0.4402010003,0.03947082788622963
0.000199,-0.4381909501,-0.001085822289888588
0.00019950000000000002,-0.4422110505,-0.009604650904907999
0.00020000000000000004,-0.4422110505,-0.006713385347833354
0.0002005,-0.4482412012,-0.017368601937574592
0.000201,-0.4502512515,0.022680126767718987
0.00020150000000000002,-0.4422110505,0.0050566940657342345
0.00020200000000000003,-0.4422110505,-0.011278490742209157
0.0002025,-0.4502512515,-0.00252199478525214
0.000203,-0.446231151,0.027726910603267384
0.0002035,-0.4422110505,0.0067346455622473165
0.00020400000000000003,-0.4502512515,-0.005177772881796858
0.00020449999999999998,-0.4442211008,0.010114768035370952
0.000205,-0.446231151,-0.0024898554924804635
0.0002055,-0.4482412012,-0.01205836943577365
0.00020600000000000002,-0.4502512515,0.007793470676810214
0.00020650000000000003,-0.4502512515,0.006167117431451964
0.000207,-0.446231151,-0.0055865030063869505
0.0002075,-0.4562814022,0.013305069547793412
0.00020800000000000001,-0.4422110505,0.030385607971417636
0.00020850000000000003,-0.4442211008,-0.0266732610512249
0.00020899999999999998,-0.4502512515,-0.01597644077961006
0.0002095,-0.4562814022,-0.0065906793304079826
0.00021,-0.4502512515,0.02331909731602804
0.00021050000000000002,-0.4502512515,-0.012305227162713425
0.00021100000000000003,-0.4582914524,0.01410959327073021
0.0002115,-0.4502512515,-0.008426012714919797
0.000212,-0.4582914524,-0.02074975358571785
0.00021250000000000002,-0.4582914524,0.006167904711253011
0.00021300000000000003,-0.4542713519,-0.001039263687291435
0.00021349999999999999,-0.4562814022,-0.011407538109064932
0.000214,-0.4582914524,-0.013382566541620993
0.0002145,-0.4582914524,-0.000668581223213744
0.00021500000000000002,-0.4542713519,0.0022547880429939467
0.00021550000000000003,-0.4562814022,-0.017417367928982835
0.000216,-0.4582914524,0.013568310927243381
0.0002165,-0.4502512515,0.012048572844528056
0.00021700000000000002,-0.4582914524,-0.017700766306232577
0.00021750000000000003,-0.4562814022,0.00982768576760828
0.00021799999999999999,-0.4582914524,-0.006515476423837762
0.0002185,-0.4562814021,-0.012912573291637412
0.000219,-0.4582914524,-0.030063518961010918
0.00021950000000000002,-0.4643216031,0.01190040722478411
0.00022000000000000003,-0.4582914524,0.014667812066404507
0.0002205,-0.4582914524,0.005445537210098878
0.000221,-0.4582914524,0.021518056182002948
0.00022150000000000002,-0.4522613017,0.004228628737359387
0.00022200000000000003,-0.4582914524,-0.015005668084747823
0.0002225,-0.4603015026,-0.02099856835206035
0.000223,-0.4623115528,-0.00761123138730752
0.0002235,-0.4643216031,-0.009219192671294833
0.00022400000000000002,-0.4663316533,0.006276927571071773
0.00022450000000000004,-0.4643216031,0.02776371315608297
0.000225,-0.4582914524,-0.009989525861148289
0.0002255,-0.4663316533,-0.021574470474833473
0.00022600000000000002,-0.4663316533,-0.007721844288539717
0.00022650000000000003,-0.4643216031,0.021332322501792296
0.000227,-0.4623115528,-0.005393485886088414
0.0002275,-0.4643216031,0.018362646394540275
0.000228,-0.4582914524,0.022255547761676944
0.00022850000000000002,-0.4582914524,-0.01256515709691198
0.00022900000000000004,-0.4623115528,-0.01480726165573145
0.0002295,-0.4582914524,0.011075379335351299
0.00023,-0.4582914524,-0.01600329623705947
0.00023050000000000002,-0.4643216031,-0.005799005141101114
0.00023100000000000003,-0.4623115528,-0.0034063936371247143
0.0002315,-0.4643216031,0.01630809913557025
0.000232,-0.4582914524,0.00539580697591591
0.0002325,-0.4663316533,-0.013071136008849613
0.00023300000000000003,-0.4623115528,0.012186353949548649
0.00023349999999999998,-0.4643216031,-0.017265394038733062
0.000234,-0.4663316533,0.03462913012557427
0.0002345,-0.4582914524,0.0037822290305053264
0.00023500000000000002,-0.4663316533,-0.007412691984299507
0.00023550000000000003,-0.4663316533,0.017686211440915166
0.000236,-0.4582914524,-0.004508094122101132
0.0002365,-0.4663316533,-0.02736219148413122
0.00023700000000000001,-0.4663316533,0.0063525162073326865
0.00023750000000000003,-0.4663316533,0.015105093070647231
0.00023799999999999998,-0.4663316533,0.004508661300127748
0.0002385,-0.4643216031,-0.00319837965942085
0.000239,-0.4663316533,-0.004483274915220593
0.00023950000000000002,-0.4643216031,0.003417809349163598
0.00024000000000000003,-0.4663316533,0.01569005620554026
0.0002405,-0.4603015026,0.016107581567561667
0.000241,-0.4623115528,-0.008300562978698809
0.00024150000000000002,-0.4663316533,-0.011823847452357903
0.00024200000000000003,-0.4663316533,0.011920087168931393
0.00024249999999999999,-0.4603015026,-0.010890779157198627
0.000243,-0.4703517538,-0.026675118051556715
0.0002435,-0.4683417035,0.002677273413392956
0.00024400000000000002,-0.4663316533,0.009733547253427084
0.00024450000000000003,-0.4663316533,-0.009466282928189957
0.000245,-0.4703517538,0.0070143225982230144
0.0002455,-0.4603015026,0.018018390028127936
0.000246,-0.4663316533,-0.014811502257360769
0.00024650000000000003,-0.4643216031,0.0017974532417636612
0.000247,-0.4663316533,-0.013757863713490819
0.0002475,-0.4663316533,-0.017452977089007365
0.000248,-0.4743718542,0.012831714796914698
0.0002485,-0.4643216031,0.007626268018643884
0.00024900000000000004,-0.4663316533,-0.004248641156150036
0.0002495,-0.4663316533,0.004042787612037499
0.00025,-0.4663316533,0.020556008130297065
0.0002505,-0.4603015026,0.0018457191351445423
0.00025100000000000003,-0.4623115528,-0.005851831256039248
0.0002515,-0.4663316533,0.012110637356015147
0.000252,-0.4582914524,-0.012050853601748297
0.0002525,-0.4663316533,-0.015343364845676713
0.000253,-0.4703517538,0.004327820658137752
0.00025350000000000004,-0.4643216031,0.022664909244530525
0.000254,-0.4582914524,0.0035635484010544394
0.0002545,-0.4643216031,-0.014817127132474755
0.000255,-0.4623115528,0.0030300307943163076
0.00025550000000000003,-0.4643216031,-0.0006324874025365468
0.00025600000000000004,-0.4663316533,0.0006680050237461823
0.0002565,-0.4663316533,0.0033522153084055246
0.000257,-0.4663316533,0.014726610826241868
0.0002575,-0.4603015026,-0.0023349210571535343
0.000258,-0.4663316533,-0.008732627052601005
0.00025850000000000005,-0.4603015026,0.00012255965756103704
0.000259,-0.4663316533,-0.005221295508725753
0.0002595,-0.4663316533,0.012059803047348494
0.00026000000000000003,-0.4582914524,0.013169994168572143
0.0002605,-0.4643216031,-0.015739321767546572
0.000261,-0.4663316533,0.003029683754026978
0.0002615,-0.4663316533,0.018352007002263256
0.00026199999999999997,-0.4582914524,0.02118889260595718
0.00026250000000000004,-0.4582914524,-0.004243474645541272
0.000263,-0.4623115528,-0.0026278634470893363
0.0002635,-0.4582914524,-0.0038400424820159073
0.000264,-0.4663316533,-0.009909043321887037
0.0002645,-0.4603015026,0.023732917881608043
0.00026500000000000004,-0.4582914524,0.003908875723341324
0.0002655,-0.4562814022,-0.02773464381962913
0.000266,-0.4663316533,0.007352047393300507
0.0002665,-0.4582914524,0.011095454322029444
0.000267,-0.4623115528,-0.0018566696829732045
0.0002675,-0.4582914524,0.020735923924645475
0.000268,-0.4663316533,-0.018366505579928277
0.0002685,-0.4643216031,0.015779391140155564
0.00026900000000000003,-0.4582914524,0.005156410743965407
0.0002695,-0.4643216031,0.000970457643626122
0.00027,-0.4582914524,0.014015439584285576
0.0002705,-0.4582914524,-7.6830953006865e-05
0.000271,-0.4582914524,-0.02554858352800712
0.00027150000000000004,-0.4663316533,0.009224712486913228
0.000272,-0.4582914524,0.002792650293002983
0.0002725,-0.4643216031,0.010071832644178358
0.000273,-0.4582914524,0.010372374920892945
0.0002735,-0.4562814022,-0.015548441321077168
0.00027400000000000005,-0.4663316533,0.0012964505913604756
0.0002745,-0.4582914524,0.017575590594196853
0.000275,-0.4582914524,0.016112693687477225
0.00027550000000000003,-0.4562814022,0.0011271124036053267
0.000276,-0.4582914524,0.009201322432139588
0.0002765,-0.4522613017,-0.0149373856792084
0.000277,-0.4582914524,-0.005848451379545014
0.0002775,-0.4582914524,0.02231024078371308
0.00027800000000000004,-0.4502512515,0.03273070604187924
0.0002785,-0.4522613017,-0.0086244750120088
0.000279,-0.4542713519,0.001725282991006837
0.0002795,-0.4522613017,-0.005744913491925438
0.00028,-0.4582914524,-0.0007882103018548251
0.00028050000000000004,-0.4522613017,0.0004923129586030339
0.000281,-0.4582914524,-0.014065046492930054
0.0002815,-0.4582914524,0.018598133233025668
0.000282,-0.4502512515,0.002912048027299503
0.0002825,-0.4582914524,-0.0025450046126795954
0.00028300000000000005,-0.4542713519,0.02281694866727676
0.0002835,-0.4502512515,-0.025960776706551385
0.000284,-0.4582914524,0.003464389547100814
0.00028450000000000003,-0.4502512515,0.02290632970864556
0.000285,-0.4502512515,-0.013624911874888838
0.0002855,-0.4522613017,-0.0018507504384232755
0.000286,-0.4502512515,-0.0026837324507151374
0.00028649999999999997,-0.4522613017,-0.010746462708608713
0.00028700000000000004,-0.4502512515,-0.0015941041932644884
0.0002875,-0.4562814022,0.012830270403328297
0.000288,-0.4422110505,0.041051101406256923
0.0002885,-0.4442211008,-0.024037751341260124
0.000289,-0.4542713519,-0.03023068029484005
0.00028950000000000004,-0.4562814022,0.041225538181298274
0.00029,-0.4422110505,0.008609683167441809
0.0002905,-0.4522613017,-0.02266125534783705
0.000291,-0.4502512515,0.005986106213071139
0.0002915,-0.4502512515,-0.001523309710267656
0.00029200000000000005,-0.4502512515,0.002730220575866577
0.0002925,-0.4502512515,-0.0027727338229544124
0.000293,-0.446231151,0.022702356324919334
0.00029350000000000003,-0.4442211008,0.0050161537192707035
0.000294,-0.4422110505,-0.010254124388681934
0.0002945,-0.4502512515,-0.0020653668817654414
0.000295,-0.4422110505,-0.005077106418919264
0.00029549999999999997,-0.4502512515,0.004891513224565358
0.00029600000000000004,-0.4422110505,0.034756657943828796
0.0002965,-0.4422110505,-0.00291189186339417
0.000297,-0.4422110505,-0.009175309574190485
0.0002975,-0.4442211008,0.002428250373744339
0.000298,-0.4422110505,0.01301211190516859
0.00029850000000000005,-0.4422110505,-0.0031955709850437514
0.000299,-0.4422110505,0.005913941987175384
0.0002995,-0.4422110505,-0.008478229375646885
0.00030000000000000003,-0.4422110505,-0.01584157007712814
0.0003005,-0.4482412012,0.020178273683186507
0.000301,-0.4381909501,0.02985680188520327
0.0003015,-0.4381909501,-0.0012990046213594113
0.000302,-0.4341708496,-0.004030129605469757
0.00030250000000000003,-0.4422110505,-0.017220435842965072
0.000303,-0.4422110505,0.008970735421131113
0.0003035,-0.4402010003,-0.0015749231795405346
0.000304,-0.4422110505,0.007300034874061872
0.0003045,-0.4321607994,0.022629189052638273
0.00030500000000000004,-0.4301507492,-0.008094919773420237
0.0003055,-0.4361808998,0.007036852713745649
0.000306,-0.4261306487,-0.006013888847663401
0.0003065,-0.4402010003,-0.023197796162480102
0.000307,-0.4301507492,0.011198838531709672
0.00030750000000000005,-0.4402010003,-0.008110898174630947
0.000308,-0.4341708496,-0.013111107769574103
0.0003085,-0.4422110505,0.01144692097683919
0.00030900000000000003,-0.4301507492,0.017910022153943876
0.0003095,-0.4321607994,-0.024328306480511024
0.00031,-0.4341708496,0.004874252233525796
0.0003105,-0.4281406989,0.019775617218232025
0.00031099999999999997,-0.4261306487,0.023190281133973645
0.00031150000000000004,-0.4261306487,0.000806830761587172
0.000312,-0.4261306487,-0.004551549686299287
0.0003125,-0.4341708496,-0.010986626949533281
0.000313,-0.4301507492,-0.0004489643181530955
0.0003135,-0.4281406989,0.02562313876464529
0.00031400000000000004,-0.4180904478,0.01656313734111914
0.0003145,-0.420100498,-0.0043676082856951
0.000315,-0.4261306487,0.007521282084303773
0.0003155,-0.420100498,-0.012632462599195505
0.000316,-0.4261306487,-0.0061068417372389106
0.00031650000000000005,-0.4241205985,0.03374444175388868
0.000317,-0.4140703473,-0.01152098488432895
0.0003175,-0.4180904478,-0.035016682044130915
0.00031800000000000003,-0.4261306487,0.009961326549610645
0.0003185,-0.420100498,0.02823679936368002
0.000319,-0.4221105482,0.0007289773820791335
0.0003195,-0.4180904478,0.007507721005629066
0.00031999999999999997,-0.4180904478,0.005058480079475499
0.00032050000000000004,-0.4180904478,-0.002958029111223532
0.000321,-0.4180904478,0.005740579018647646
0.0003215,-0.4180904478,0.010319581222016865
0.000322,-0.4180904478,-0.005133254210943546
0.0003225,-0.4180904478,-0.007229996590444102
0.00032300000000000004,-0.4140703473,0.0012977643256882271
0.0003235,-0.4160803976,-0.0018717084894203546
0.000324,-0.4100502469,0.012850140773434193
0.00032450000000000003,-0.4100502469,-0.006355249167354657
0.000325,-0.4100502469,-0.008875803900660797
0.0003255,-0.4160803976,-0.028964431109870143
0.000326,-0.4180904478,0.022196203455601367
0.0003265,-0.4120602971,0.027944886685085046
0.00032700000000000003,-0.4060301464,0.021586860595983505
0.0003275,-0.4020100459,-0.006425341173735602
0.000328,-0.4100502469,-0.03299777743380773
0.0003285,-0.4080401966,0.011139214735876405
0.000329,-0.4060301464,0.006339585157859383
0.00032950000000000004,-0.4040200962,-0.009405547040377103
0.00033,-0.4100502469,0.024133260797205094
0.0003305,-0.393969845,0.005101270224084376
0.000331,-0.4060301464,-0.02661814021381364
0.0003315,-0.4080401966,0.0015765872759870916
0.00033200000000000005,-0.4020100459,0.009220734987770547
0.0003325,-0.4020100459,-0.00037310245072299034
0.000333,-0.3979899455,0.024866197117051066
0.00033350000000000003,-0.393969845,-0.01001325699526128
0.000334,-0.4020100459,-0.010798317407522696
0.0003345,-0.3959798953,0.018503782089865438
0.000335,-0.393969845,-0.009194467461153145
0.0003355,-0.4020100459,-0.02159014976419006
0.00033600000000000004,-0.4020100459,0.0248510964280131
0.0003365,-0.3959798953,0.01272118308774536
0.000337,-0.393969845,-0.009242929499253004
0.0003375,-0.4020100459,0.028996874753824786
0.000338,-0.3859296441,0.022134356612704152
0.00033850000000000004,-0.393969845,-0.028292544460913477
0.000339,-0.393969845,-0.010039106906365421
0.0003395,-0.393969845,0.027470249000296418
0.00034,-0.3859296441,0.02200758247073718
0.0003405,-0.3859296441,-0.0004802546011355288
0.00034100000000000005,-0.3899497446,0.001012077173923354
0.0003415,-0.3859296441,0.009353443383476887
0.000342,-0.3859296441,0.015219711745746082
0.00034250000000000003,-0.3859296441,0.013136438734126897
0.000343,-0.3859296441,0.011794533579454002
0.0003435,-0.3798994934,0.0004286298560655596
0.000344,-0.3859296441,-0.013446914380753376
0.00034449999999999997,-0.3859296441,0.014299820580580167
0.00034500000000000004,-0.3819095436,0.009749733213514432
0.0003455,-0.3859296441,-0.0221183414267608
0.000346,-0.3859296441,0.01978485138016626
0.0003465,-0.3798994934,0.015688918849749652
0.000347,-0.3778894432,-0.015592040985189452
0.00034750000000000004,-0.3839195939,-7.414484623883102e-05
0.000348,-0.3778894432,0.009914412326107094
0.0003485,-0.375879393,0.006250724301155106
0.000349,-0.3778894432,0.0011289673347166978
0.0003495,-0.3778894432,0.0010606006715568285
0.00035000000000000005,-0.3778894432,0.0044282902970884785
0.0003505,-0.3718592925,0.005124700126906406
0.000351,-0.3738693427,0.013266338119263216
0.00035150000000000003,-0.3698492423,-0.0036736222577130207
0.000352,-0.3778894432,0.0036441303567018046
0.0003525,-0.3718592925,0.017630360983695144
0.000353,-0.3698492423,-0.0004466687579735007
0.0003535,-0.3698492423,0.04048552777559454
0.00035400000000000004,-0.3618090414,0.0031691884040517823
0.0003545,-0.367839192,0.0019631980096276435
0.000355,-0.3618090414,0.007019034706771158
0.0003555,-0.3638190916,0.003083145632306884
0.000356,-0.3618090414,0.008607107961406795
0.00035650000000000005,-0.3618090414,-0.005950185850993184
0.000357,-0.3618090414,-0.0018432705315275639
0.0003575,-0.3618090414,-0.012666570061363677
0.00035800000000000003,-0.3618090413,0.005732396333318064
0.0003585,-0.3597989911,0.012069087439831375
0.000359,-0.3577889409,0.00885756678407641
0.0003595,-0.3537688404,0.011152145984647744
0.00036,-0.3537688404,-0.01970456907210293
0.00036050000000000003,-0.3618090414,0.011664235213074891
0.000361,-0.3537688404,0.026510534902739066
0.0003615,-0.3537688404,0.01091635023300178
0.000362,-0.3537688404,0.020648434389644938
0.0003625,-0.3477386897,0.005785134516640441
0.00036300000000000004,-0.3537688404,-0.011537743582088322
0.0003635,-0.3517587902,0.00908602567775729
0.000364,-0.3537688404,0.014182088812302478
0.0003645,-0.3457286395,0.024247585333430823
0.000365,-0.3457286395,-0.016449781795805585
0.00036550000000000005,-0.3457286395,0.01577492069778303
0.000366,-0.3457286395,-0.0011505113828595057
0.0003665,-0.3457286395,0.016475780011676204
0.00036700000000000003,-0.341708539,0.0022802144786279945
0.0003675,-0.3457286395,-0.010077659284179396
0.000368,-0.3376884386,0.026750798482736073
0.0003685,-0.3376884386,0.006236873621555756
0.00036899999999999997,-0.3376884386,0.01362571437013145
0.00036950000000000004,-0.3376884386,-0.0036675787392892
0.00037,-0.3376884386,-0.017585763766719668
0.0003705,-0.3376884386,0.01950400643178549
0.000371,-0.3336683381,0.012563315900613327
0.0003715,-0.3376884386,-0.015430237267385469
0.00037200000000000004,-0.3376884386,0.019130892552100424
0.0003725,-0.3296482377,0.013275649918919776
0.000373,-0.3336683381,-0.00010218664620857329
0.0003735,-0.3296482377,0.01789475759155192
0.000374,-0.3296482377,0.002098689526461876
0.00037450000000000005,-0.3276381874,0.018123043031753397
0.000375,-0.3216080368,0.0023514908606394997
0.0003755,-0.3276381874,-0.009722154149010676
0.00037600000000000003,-0.3296482377,0.01863825197679108
0.0003765,-0.3216080368,0.01219258054990707
0.000377,-0.3256281372,0.0016833571372909945
0.0003775,-0.3216080368,0.003528823572266299
0.000378,-0.3296482377,-0.012650824544716515
0.00037850000000000004,-0.3216080368,0.015589270810931873
0.000379,-0.3135678358,0.01816271229637107
0.0003795,-0.3135678358,-0.023131284846705284
0.00038,-0.3216080368,-0.020288223296259917
0.0003805,-0.3216080368,0.024716442784624905
0.000381,-0.3135678358,0.008292878357675518
0.0003815,-0.3195979865,0.008550923569661157
0.000382,-0.3135678358,0.013276392168303577
0.00038250000000000003,-0.3115577856,0.03815014774512658
0.000383,-0.3015075345,0.02291193920331032
0.0003835,-0.3075376851,-0.010253984249824866
0.000384,-0.3055276349,0.016407402718764477
0.0003845,-0.2994974842,0.011972109621923872
0.00038500000000000003,-0.3015075345,-0.0017450772797897546
0.0003855,-0.3015075345,-0.019115877177972983
0.000386,-0.3055276349,-0.017437477583630567
0.0003865,-0.3055276349,0.011918991560423763
0.00038700000000000003,-0.297487434,-0.013975131143103116
0.00038750000000000004,-0.3095477354,-0.0036630055665228785
0.000388,-0.297487434,0.035188468060213175
0.0003885,-0.297487434,0.011104859524661854
0.000389,-0.2894472331,0.04272818172061758
0.0003895,-0.2773869317,-0.025600298885496746
0.00039,-0.297487434,-0.04504227779416659
0.0003905,-0.2954773838,0.01013278598214092
0.000391,-0.297487434,-0.007328658830515901
0.00039150000000000003,-0.2894472331,0.014249489549608658
0.000392,-0.2894472331,-0.0166845422211356
0.0003925,-0.2894472331,-0.005840125695137461
0.000393,-0.2894472331,0.009086361207180264
0.0003935,-0.2814070322,0.004113601410580637
0.00039400000000000004,-0.2814070322,-0.013652473173412427
0.0003945,-0.2814070322,-0.00954546954296884
0.000395,-0.2814070322,-0.00959805959774134
0.0003955,-0.2814070322,-0.0063674713734946835
0.00039600000000000003,-0.2814070322,-0.012068021879409026
0.00039650000000000004,-0.2814070322,0.001604536798587017
0.000397,-0.2773869317,0.03545965633344615
0.0003975,-0.2673366805,-0.016247005504818016
0.000398,-0.2814070322,-0.010092832876910762
0.0003985,-0.2733668312,0.013415581684642037
0.000399,-0.2733668312,-0.0010315902762813552
0.0003995,-0.2733668312,0.005228956150336878
0.0004,-0.2733668312,0.006473523711778519
0.00040050000000000003,-0.271356781,0.01870929382184086
0.000401,-0.2693467308,0.008165491670647387
0.0004015,-0.2673366805,0.01587790193079711
0.000402,-0.2653266303,0.0068624334815725035
0.0004025,-0.2653266303,0.011251896575335868
0.00040300000000000004,-0.2613065299,0.010707412403396805
0.0004035,-0.2592964796,-0.008845233839439992
0.000404,-0.2572864294,0.0012017468667993234
0.0004045,-0.2633165801,-0.001290651400718275
0.000405,-0.2572864294,0.019730751643046197
0.0004055,-0.2572864294,0.025832064331384942
0.000406,-0.2492462285,0.009049005700779326
0.0004065,-0.2572864294,-0.014782470157587862
0.000407,-0.2572864294,-0.0033018482127365792
0.0004075,-0.2572864294,0.006228192632316337
0.000408,-0.2492462285,0.01422751478140093
0.0004085,-0.2512562787,-0.00893807939648324
0.000409,-0.2492462285,-0.011949125039892058
0.00040950000000000003,-0.2512562787,0.016427487213470204
0.00041,-0.2412060276,-0.007134865860427865
0.0004105,-0.2492462285,-0.011601689764906083
0.000411,-0.245226128,-0.005151715450196465
0.00041150000000000003,-0.2492462285,0.01157000938094409
0.00041200000000000004,-0.2412060276,0.014642254898194883
0.0004125,-0.2412060276,0.00940391399680144
0.000413,-0.2371859271,0.0024904667375909226
0.0004135,-0.2351758769,-0.012875618910794372
0.000414,-0.2412060276,0.0012081091265922442
0.0004145,-0.2391959773,0.03886729615955492
0.000415,-0.2291457262,0.016461959974475325
0.0004155,-0.2331658266,-0.003941770413711117
0.00041600000000000003,-0.2331658266,-0.005753671017680584
0.0004165,-0.2311557764,0.005762127007049114
0.000417,-0.2331658266,-0.0006321645896813165
0.0004175,-0.2331658266,-0.012948870553669924
0.000418,-0.2331658266,-0.0001947389671930668
0.00041850000000000004,-0.227135676,0.011826361218762047
0.000419,-0.2251256257,0.006013473427113437
0.0004195,-0.2251256257,0.013704951271441466
0.00042,-0.2170854248,-0.004379639055160565
0.00042050000000000003,-0.2251256257,-0.03593906379873695
0.00042100000000000004,-0.2211055253,0.019245878773724356
0.0004215,-0.2170854248,-0.016589845312321255
0.000422,-0.2251256257,0.0003387363190997406
0.0004225,-0.2150753746,0.0025628429197367443
0.000423,-0.2170854248,0.01612714688711945
0.0004235,-0.2090452239,0.001442452473275707
0.000424,-0.2170854248,-0.005261767804522086
0.0004245,-0.2110552741,0.005183972231999241
0.00042500000000000003,-0.2090452239,0.0019431084821817375
0.0004255,-0.2090452239,-0.013382879012930527
0.000426,-0.2090452239,-0.007196333186839444
0.0004265,-0.2090452239,0.008726630849828387
0.000427,-0.2090452239,0.013049584665392048
0.00042750000000000004,-0.201005023,0.03362048325113968
0.000428,-0.1929648221,0.006351134654462656
0.0004285,-0.201005023,-0.008395396858686162
0.000429,-0.201005023,0.006359967790433815
0.0004295,-0.1929648221,0.010178432809919338
0.00043000000000000004,-0.1929648221,-0.010398749518109235
0.0004305,-0.1949748723,0.005369166189451732
0.000431,-0.1969849225,0.0019835268363743476
0.0004315,-0.201005023,0.024461150322981986
0.000432,-0.1849246211,0.022441767651932284
0.0004325,-0.1909547718,-0.019819361771669437
0.000433,-0.1889447216,0.01625566815205206
0.0004335,-0.1849246211,-0.006103646316815186
0.00043400000000000003,-0.1849246211,-0.0013125953404301096
0.0004345,-0.1849246211,0.006107634046493788
0.000435,-0.1809045207,0.004999532910941481
0.0004355,-0.1849246211,0.004309128904078981
0.000436,-0.1768844202,0.02107426119949292
0.00043650000000000004,-0.1708542695,-0.0019836782609506188
0.000437,-0.1768844202,-0.01025607198893822
0.0004375,-0.1768844202,-0.011960753832034949
0.000438,-0.1768844202,0.020546996103443363
0.0004385,-0.1708542695,0.021037894223868363
0.000439,-0.1688442193,-0.022278950682945574
0.0004395,-0.17487437,0.011939500699139648
0.00044,-0.1688442193,0.002823409303537601
0.00044050000000000003,-0.17487437,0.024620157781693196
0.000441,-0.1608040184,0.029517184274090193
0.0004415,-0.1628140686,-0.014148036740500495
0.000442,-0.1688442193,-0.004965411846967161
0.0004425,-0.1628140686,0.02257216959061062
0.00044300000000000003,-0.1608040184,-0.0033335245520916415
0.0004435,-0.1608040184,0.016972809954238426
0.000444,-0.1527638175,0.016345089503607916
0.0004445,-0.1527638175,-0.0038439505061685043
0.00044500000000000003,-0.1527638175,-0.016634769935050107
0.0004455,-0.1547738677,-0.006829038873705765
0.000446,-0.1527638175,-0.0033628433693638424
0.0004465,-0.1547738677,-0.0025546779149567193
0.000447,-0.1527638175,0.014564572896333968
0.0004475,-0.1507537672,0.01782073620082089
0.000448,-0.1447236165,0.01602219722518437
0.0004485,-0.1447236165,0.015262467965830102
0.000449,-0.1407035161,-0.010852894739350435
0.00044950000000000003,-0.1507537672,-0.012922112313129269
0.00045,-0.1447236165,0.019762470956777443
0.0004505,-0.1386934659,0.0016844046503675224
0.000451,-0.1407035161,-0.00031270232158218323
0.0004515,-0.1386934658,0.014409798627760262
0.00045200000000000004,-0.1366834156,0.01691449380034222
0.0004525,-0.1306532649,0.0034843653073918
0.000453,-0.1326633152,-0.009629299632997426
0.0004535,-0.1306532649,-0.013947092407077298
0.00045400000000000003,-0.1366834156,-0.0047694059714644636
0.0004545,-0.1286432147,0.014000749729321714
0.000455,-0.1286432147,0.01167996614309477
0.0004555,-0.1266331645,0.01601073309955856
0.000456,-0.1206030138,0.004856704978564668
0.0004565,-0.1266331645,-0.011849566755421252
0.000457,-0.1286432147,-0.010713373046432693
0.0004575,-0.1266331645,0.023954933710627117
0.000458,-0.1125628129,0.04127410864725539
0.00045850000000000003,-0.1125628129,-0.012016903925742343
0.000459,-0.1165829133,-0.022103499732793533
0.0004595,-0.1206030138,0.0052093025891719325
0.00046,-0.1125628129,0.02408365694482289
0.0004605,-0.1145728631,-0.009174649336129354
0.00046100000000000004,-0.1125628129,0.010041541173243212
0.0004615,-0.1065326622,0.02540334268087801
0.000462,-0.1045226119,-0.006160403940172162
0.0004625,-0.1065326622,-0.010184989584688288
0.00046300000000000003,-0.1125628129,0.004153625199550555
0.0004635,-0.1045226119,0.023568902149782547
0.000464,-0.1045226119,0.002287479731027828
0.0004645,-0.1025125617,0.00017211455994610957
0.000465,-0.1005025115,-0.006943194357628368
0.0004655,-0.1025125617,0.04320596290521392
0.000466,-0.0884422101,0.013734352287011305
0.0004665,-0.0944723608,-0.012319484548461688
0.000467,-0.096482411,0.0003437845143567505
0.00046750000000000003,-0.0944723608,-0.014737662174731004
0.000468,-0.096482411,-0.00672302020733696
0.0004685,-0.0944723608,0.020018870873888345
0.000469,-0.0924623106,0.025632420179739615
0.00046950000000000003,-0.0864321599,0.009174506740318137
0.00047,-0.0884422101,0.000978855269314821
0.0004705,-0.0864321599,0.0034944415694287663
0.000471,-0.0884422101,0.005971916709954065
0.0004715,-0.0824120594,0.021267570228397002
0.00047200000000000003,-0.0804020092,0.004522916356680149
0.0004725,-0.0804020092,0.011886772853787404
0.000473,-0.0763819087,0.011640894367933448
0.0004735,-0.0743718585,0.0023523385441515006
0.00047400000000000003,-0.0804020092,-0.01226452688922996
0.0004745,-0.0723618083,0.009003124990196808
0.000475,-0.0763819087,8.425917542152403e-05
0.0004755,-0.0723618083,0.02598733500667916
0.000476,-0.0643216074,0.017779907445187215
0.00047650000000000004,-0.0643216074,-0.010949194072287479
0.000477,-0.0643216074,0.007320059602891754
0.0004775,-0.0643216074,0.007142761613003392
0.000478,-0.0562814064,0.003929485493456909
0.00047850000000000003,-0.0582914567,0.011175571673409873
0.000479,-0.052261306,-0.022827999948356607
0.0004795,-0.0582914567,-0.014723465735154248
0.00048,-0.0562814064,0.00695770621031082
0.0004805,-0.0562814064,-0.007882582784471917
0.000481,-0.0562814064,-0.005148608991344461
0.0004815,-0.0562814064,0.023666205073168134
0.000482,-0.0482412055,0.0030876706398101786
0.0004825,-0.0562814064,-0.01675621843266284
0.00048300000000000003,-0.052261306,0.00444617843380136
0.0004835,-0.052261306,0.03319474067875524
0.000484,-0.0402010046,0.0010514827936387097
0.0004845,-0.0482412055,0.0069607376364791175
0.000485,-0.0442211051,0.007798547564431381
0.00048550000000000004,-0.0462311553,0.008182892186311085
0.000486,-0.0402010046,0.026618775226235472
0.0004865,-0.0402010046,0.021685808582128402
0.000487,-0.0321608037,0.001096586096358205
0.00048750000000000003,-0.0402010046,0.009884400817801602
0.000488,-0.0321608037,0.009884811425944157
0.0004885,-0.0381909544,0.01183081218992309
0.000489,-0.0281407032,-0.00999851310725499
0.0004895,-0.0321608037,-0.003799985509509997
0.00049,-0.0241206028,0.007800103360101361
0.0004905,-0.0241206028,-0.02194784583651008
0.000491,-0.0281407032,0.0021815230378085665
0.0004915,-0.026130653,0.001596018912680493
0.000492,-0.0241206028,-0.0052657511782149835
0.0004925,-0.0241206028,-0.0014660410811136342
0.0004930000000000001,-0.0241206028,0.0029715464193069735
0.0004935,-0.0221105525,0.027580136833406835
0.000494,-0.0160804018,0.01739309054030564
0.0004945,-0.0180904521,-0.0012343675423144296
0.000495,-0.0160804018,0.00162758373182474
0.0004955000000000001,-0.0160804018,-0.006389997359863066
0.000496,-0.0160804018,0.021348389003401674
0.0004965,-0.0080402009,0.02408549564128497
0.000497,-0.0080402009,-0.004358500960669041
0.0004975,-0.0080402009,0.007505639962036115
0.000498,-0.0080402009,-0.007933728257447644
0.0004985,-0.0080402009,0.006384560777352193
0.000499,-0.0080402009,-0.002022362629099165
0.0004995,-0.0080402009,0.025041588141464594
0.0005,0.0080402009,0.01807648198301628
0.0005005,0.0,-0.03005470399022375
0.000501,-0.0040201005,0.006207100405534135
0.0005015,0.0,0.02720261583510491
0.0005020000000000001,0.0080402009,0.01652754780034537
0.0005025,0.0060301507,0.00311275250618481
0.000503,0.0080402009,-0.002573367132072237
0.0005035,0.0080402009,0.002355115936418976
0.000504,0.0080402009,-0.004422206479376049
0.0005045,0.0080402009,-0.0020461107189477107
0.000505,0.0120603014,0.01958104338132896
0.0005055,0.0160804018,0.007429880804381012
0.000506,0.0160804018,0.009536518113267022
0.0005065,0.0180904521,0.007882853903339893
0.000507,0.0160804018,0.0026633312556527747
0.0005075,0.0160804018,0.01421374259922302
0.000508,0.0241206028,0.0498216911367838
0.0005085000000000001,0.0321608037,0.005260229614564997
0.000509,0.0241206028,-0.01645476416701444
0.0005095,0.0241206028,-0.009625472494707977
0.00051,0.0241206028,0.004951995130234966
0.0005105,0.0241206028,0.002075513526755512
0.0005110000000000001,0.0321608037,0.02035463723858419
0.0005115,0.0321608037,-0.0026865847250591556
0.000512,0.0321608037,0.014082551869805707
0.0005125,0.0321608037,0.0014549959961525308
0.000513,0.0321608037,0.01421770657677961
0.0005135,0.0321608037,0.011442931631764144
0.000514,0.0321608037,0.021126608090881523
0.0005145,0.0462311553,0.01404048318951735
0.000515,0.0442211051,-0.007467942774865091
0.0005155,0.0402010046,-0.005358737797467297
0.000516,0.0402010046,-0.0026896259953949225
0.0005165,0.0402010046,0.003761591368094292
0.000517,0.0442211051,0.014548845433780976
0.0005175000000000001,0.0482412055,-0.021116769964077877
0.000518,0.0482412055,0.02923088510863313
0.0005185,0.0562814064,0.018168625677133572
0.000519,0.052261306,-0.0023216933377446783
0.0005195,0.0582914567,0.0002287322426102658
0.0005200000000000001,0.0562814064,-0.016510441661265838
0.0005205,0.0502512557,-0.006631160203191576
0.000521,0.0562814064,0.01885222395610983
0.0005215,0.0623115571,-0.03585979104336408
0.000522,0.0482412055,-0.010323927866684119
0.0005225,0.0582914567,0.03807919413562479
0.000523,0.0643216074,0.01968579005736517
0.0005235,0.0683417078,-0.024494156575957604
0.000524,0.0562814064,-0.0033407776944045986
0.0005245,0.0643216074,0.03220369410059829
0.000525,0.0683417078,0.008556381930684021
0.0005255,0.0723618083,0.009565695291570727
0.000526,0.0723618083,0.015780468047929198
0.0005265000000000001,0.078391959,-0.016824010418857352
0.000527,0.0723618083,0.007519120184040036
0.0005275,0.078391959,0.012996835145590007
0.000528,0.0804020092,-0.0159409500269231
0.0005285,0.0723618083,-0.004245299871196783
0.000529,0.0804020092,-0.0015953006393989956
0.0005295,0.0743718585,0.021967819700481152
0.00053,0.0884422101,0.01288763625546325
0.0005305,0.0824120594,0.006486895950762642
0.000531,0.0924623106,-0.0017796392125297052
0.0005315,0.0864321599,-0.025612355672655476
0.000532,0.0804020092,0.0070274768235123065
0.0005325,0.0904522603,0.006293343508283514
0.000533,0.0884422101,0.0016747443445406813
0.0005335,0.0904522603,0.024538430303415862
0.000534,0.096482411,0.009145498428788791
0.0005345,0.096482411,0.0036568905084680215
0.000535,0.1005025115,-0.0015893690651587783
0.0005355000000000001,0.096482411,-0.004945932618189646
0.000536,0.096482411,0.0020792804331535406
0.0005365,0.0984924613,0.014633188004173174
0.000537,0.1005025115,0.010380411827888299
0.0005375,0.0984924613,0.025263715268023776
0.0005380000000000001,0.1125628129,0.02794851809629473
0.0005385,0.1105527626,-0.018119451001316404
0.000539,0.1045226119,0.006834471624908983
0.0005395,0.1125628129,0.006978660338932994
0.00054,0.1125628129,0.0035869235011710687
0.0005405,0.1125628129,0.004936197821775727
0.000541,0.1125628129,0.004038878565373582
0.0005415,0.1185929636,-0.001098560595580899
0.0005420000000000001,0.1206030138,-0.002100685553530267
0.0005425,0.1185929636,-0.012869681431575165
0.000543,0.1165829133,-0.010765301742933714
0.0005435,0.1125628129,-0.0025553434512361342
0.000544,0.1206030138,0.01930774994667148
0.0005445000000000001,0.122613064,0.008487413056250469
0.000545,0.1286432147,0.008255344026470258
0.0005455,0.1286432147,-0.02150007595332718
0.000546,0.1206030138,0.0001418610299688595
0.0005465,0.1306532649,0.027606498448396088
0.000547,0.1326633152,0.0006129504275940306
0.0005475,0.1286432147,0.015900645950624265
0.000548,0.1366834156,0.03102631338014268
0.0005485,0.1427135663,-0.009766582970912624
0.000549,0.1326633152,-0.02007749540963091
0.0005495,0.1366834156,0.010983076111413106
0.00055,0.1366834156,0.00705073488359512
0.0005505,0.1386934659,-9.345145060713454e-06
0.0005510000000000001,0.1407035161,0.0021383174673654014
0.0005515,0.1386934658,0.014626668862820554
0.000552,0.1447236165,-0.001834168844680982
0.0005525,0.1447236165,0.014988237510988866
0.000553,0.148743717,-0.012676760444553743
0.0005535,0.1386934658,0.021424394335054643
0.000554,0.1527638175,0.042165365867703725
0.0005545,0.1567839179,0.012064739040379514
0.000555,0.1608040184,-0.0019561065831263102
0.0005555,0.1547738677,-0.02321951442313008
0.000556,0.1527638175,-0.00043911290334512545
0.0005565,0.1587939681,0.006100622919380268
0.000557,0.1567839179,-0.009849173227531321
0.0005575,0.1587939682,0.006097082552350728
0.000558,0.1608040184,-0.016382821892000403
0.0005585,0.1587939681,-0.00892250869960048
0.000559,0.1648241188,0.012093251382442473
0.0005595,0.1608040184,-0.001238059083520926
0.0005600000000000001,0.1608040184,0.01401251433352755
0.0005605,0.1688442193,0.014416064357073835
0.000561,0.1688442193,-0.006945819127016582
0.0005615,0.1688442193,6.1482746538375245e-06
0.000562,0.1688442193,-0.011739164069905345
0.0005625000000000001,0.1688442193,0.009774365902505775
0.000563,0.1688442193,0.005592204511751991
0.0005635,0.1708542695,0.014331798284180006
0.000564,0.1768844202,0.0062638390801894
0.0005645,0.1768844202,-0.01192798491443908
0.000565,0.1768844202,0.001871493343301297
0.0005655,0.1768844202,0.027702211199477803
0.000566,0.1849246211,-0.004177978497595632
0.0005665000000000001,0.1788944704,-0.010210163434647214
0.000567,0.1849246211,0.0025006288916848887
0.0005675,0.1849246211,0.006242447069792752
0.000568,0.1849246211,0.025449921128376397
0.0005685,0.1849246211,0.018170033935473243
0.0005690000000000001,0.192964822,0.0035170539761937565
0.0005695,0.1849246211,-0.020065003778387734
0.00057,0.1849246211,0.003857008740812849
0.0005705,0.1929648221,0.027185729328326518
0.000571,0.1969849225,0.006599692806723612
0.0005715,0.1929648221,0.0169567015843321
0.000572,0.201005023,0.0024373416023811805
0.0005725,0.1949748723,-0.01823630039845708
0.000573,0.1969849225,0.031826865804455415
0.0005735,0.2070351737,0.019313759168019782
0.000574,0.2090452239,0.0030970996918929967
0.0005745,0.2090452239,-0.028235628979708258
0.000575,0.201005023,-0.027082423075931547
0.0005755000000000001,0.2030150732,0.028841944894776192
0.000576,0.2090452239,0.009494460277545977
0.0005765,0.2090452239,0.004620237878079141
0.000577,0.2130653243,-0.0027961472671663695
0.0005775,0.2090452239,-0.005199684457635271
0.000578,0.2170854248,0.005694988149018804
0.0005785,0.2170854248,0.004558621393133724
0.000579,0.2130653244,-0.023575504917081803
0.0005795,0.2090452239,-0.01039183235808733
0.00058,0.2170854248,0.01836118697132855
0.0005805000000000001,0.219095475,-0.013854729045523768
0.000581,0.2211055253,0.025010051949309255
0.0005815,0.2231155755,0.004093947260871838
0.000582,0.2251256257,0.003684605178678483
0.0005825,0.2251256257,0.0019472599651178101
0.000583,0.2211055253,0.008796142410267573
0.0005835,0.227135676,0.017301202752784947
0.000584,0.2331658266,-0.010951499763978677
0.0005845,0.2251256257,-0.002167591021769758
0.000585,0.2291457262,0.014362644159388874
0.0005855,0.2331658266,0.01528196950622787
0.000586,0.2331658266,0.00326974811494924
0.0005865,0.2331658266,0.010395820655269452
0.0005870000000000001,0.2331658266,0.016675036689506602
0.0005875,0.2412060276,0.0030060516412281006
0.000588,0.2331658267,-0.0049800769507252944
0.0005885,0.2412060276,0.01083327587002595
0.000589,0.2371859271,0.0005219493285259658
0.0005895,0.2412060276,0.00579210504362708
0.00059,0.2412060276,-0.017997140591175617
0.0005905,0.2351758769,0.009788878450128014
0.000591,0.245226128,0.008720972751781637
0.0005915,0.2472361783,-0.012587255864453558
0.000592,0.2412060276,-0.010659923033678742
0.0005925,0.2432160778,-0.0069660845545728555
0.000593,0.245226128,0.032759165030735206
0.0005935000000000001,0.2512562787,-0.0014352043007714553
0.000594,0.2492462285,-0.009298260822706855
0.0005945,0.2492462285,0.01865977331311429
0.000595,0.2572864294,0.016764252859925118
0.0005955,0.2572864294,0.00424039334371369
0.000596,0.2572864294,-0.003996017015178474
0.0005965,0.2572864294,-0.012867575764289539
0.000597,0.2613065299,-0.0023248719217193823
0.0005975,0.2592964796,0.0038141688268479193
0.000598,0.2653266303,-0.0018159161146380966
0.0005985,0.2572864294,-0.02216188747381894
0.000599,0.2572864294,0.013119243280571855
0.0005995,0.2653266303,0.005055612634771854
0.0006000000000000001,0.2653266303,-0.011280514325106319
0.0006005,0.2653266303,0.016469977174227313
0.000601,0.2733668312,0.019932313051711382
0.0006015,0.2733668312,0.0013518409303770297
0.000602,0.2733668312,-0.0002418596866873698
0.0006025,0.271356781,-0.000989392116553224
0.000603,0.2814070322,0.0006220986459507195
0.0006035,0.2733668312,-0.00018145662452558942
0.000604,0.2814070322,-0.0173523343884768
0.0006045,0.2693467308,-0.011358885169783879
0.0006050000000000001,0.2733668312,0.045370031526613425
0.0006055,0.2854271326,0.013148960382413862
0.000606,0.2814070322,-0.0021795973840084033
0.0006065,0.2814070322,0.0034569535813317623
0.000607,0.2814070322,-0.012413843786153317
0.0006075,0.2793969819,0.0258911003497031
0.000608,0.2894472331,0.027971861234453037
0.0006085,0.2894472331,0.0007750067929724307
0.0006090000000000001,0.2894472331,0.006249416566473279
0.0006095,0.2894472331,-0.0032913387788610976
0.00061,0.2894472331,0.0018529412583685465
0.0006105,0.2894472331,0.0005597613561745644
0.000611,0.2934673335,-0.005320610938597035
0.0006115000000000001,0.2954773838,0.00788013078180205
0.000612,0.297487434,-0.02175275510948925
0.0006125,0.2894472331,-0.006335566738770393
0.000613,0.297487434,0.013259804922444256
0.0006135,0.297487434,0.001487989686890886
0.000614,0.297487434,-0.011699985765627958
0.0006145,0.297487434,0.021288655817067667
0.000615,0.3055276349,0.007327830396190569
0.0006155,0.297487434,-0.02151085870597789
0.000616,0.297487434,0.015336119892701425
0.0006165,0.3055276349,-0.002845319458833119
0.000617,0.297487434,-0.018496444877188295
0.0006175,0.297487434,-0.0004266078528316463
0.0006180000000000001,0.297487434,0.0135374270623171
0.0006185,0.3055276349,0.018940382574585832
0.000619,0.3095477354,0.019811409357839913
0.0006195,0.3115577856,-0.015146530765634169
0.00062,0.3055276349,-0.007059464812851067
0.0006205,0.3075376852,0.015388953741706967
0.000621,0.3135678358,0.01691805677113944
0.0006215,0.3195979865,-0.005933684196542005
0.000622,0.3135678358,0.0074308776349198
0.0006225,0.3216080368,0.01554005427084678
0.0006230000000000001,0.3175879363,-0.023041332433792635
0.0006235,0.3155778861,-0.007326901243372628
0.000624,0.3135678358,-0.0026796866562944794
0.0006245000000000001,0.3216080368,0.012032227395336758
0.000625,0.3216080368,-0.0035398430460883007
0.0006255,0.3216080368,0.0018767558633079533
0.000626,0.3216080368,-0.0037381356180623266
0.0006265,0.323618087,0.019245294362911527
0.000627,0.3296482377,-0.010633380940708325
0.0006275,0.3216080368,-0.006484166402061202
0.000628,0.3296482377,0.015321031260766609
0.0006285,0.3296482377,-0.0029173347460945014
0.000629,0.3296482377,0.003384693619823568
0.0006295000000000001,0.3296482377,0.0058407504853696755
0.00063,0.3296482377,-0.0021120413026449922
0.0006305,0.3296482377,0.010408546086289504
0.000631,0.3336683381,0.009741070820903178
0.0006315,0.3396984888,0.00464120797171368
0.000632,0.3376884386,-0.00806391342019312
0.0006325,0.3376884386,0.004260062545888583
0.000633,0.3376884386,-0.01325380647994396
0.0006335,0.3316582879,0.023619432984556404
0.000634,0.3457286395,0.021665444688868187
0.0006345,0.3376884386,-0.022286050993216698
0.000635,0.341708539,-0.0030894981895751837
0.0006355,0.3396984888,-0.025295984374502783
0.0006360000000000001,0.3376884386,0.0015861041496284083
0.0006365,0.3437185893,0.020068185897077352
0.000637,0.3457286395,-0.010111723555485903
0.0006375,0.3437185893,-0.001251143116665772
0.000638,0.3457286395,0.01341307421405448
0.0006385,0.3437185893,0.00378395297072747
0.000639,0.34974874,-0.0076079395188408065
0.0006395,0.3457286395,-0.011125073338479582
0.0006399999999999999,0.3457286395,0.000774328699353032
0.0006405,0.3477386897,0.02741917670700948
0.0006410000000000001,0.3577889409,0.010205394365115021
0.0006415,0.3537688404,-0.005152920570648936
0.000642,0.3537688404,-0.011200323419674606
0.0006425000000000001,0.3537688404,0.004383807139251798
0.000643,0.34974874,-0.005008047662747575
0.0006435,0.3537688404,0.017555868022218174
0.000644,0.3537688404,0.003608861048657255
0.0006445,0.3557788907,0.006686354235645472
0.000645,0.3577889409,-0.014592227909491839
0.0006455,0.3537688404,-0.0031247873435683894
0.000646,0.3618090413,0.022701639250570678
0.0006465,0.3618090414,-0.0023818155439481624
0.000647,0.3618090414,0.008975138428907122
0.0006475000000000001,0.3638190916,0.003840608991080674
0.000648,0.3618090414,0.0012624086531338556
0.0006485,0.3618090414,-0.01119884867891228
0.0006490000000000001,0.3618090414,-0.0017130526853543345
0.0006495,0.3597989911,0.03471523688489921
0.00065,0.3778894432,0.011361690395767456
0.0006505,0.3618090414,-0.013218785976043843
0.000651,0.3698492423,0.011615282225769711
0.0006515,0.367839192,-0.010350888813655163
0.000652,0.3698492423,0.021589798764415302
0.0006525,0.375879393,0.007444138163239224
0.000653,0.3698492423,-0.013202971653508332
0.0006535,0.3718592925,-0.0033824838235738805
0.0006540000000000001,0.3698492423,0.010043212312786846
0.0006545,0.3778894432,0.0019319072100912795
0.000655,0.3658291418,0.010556757565995568
0.0006555,0.3778894432,-0.0036231342923871788
0.000656,0.3698492423,-0.023807479649170828
0.0006565,0.3698492423,0.014711306579486539
0.000657,0.3778894432,-0.012044200707930424
0.0006575,0.3718592925,-0.010450169895036976
0.000658,0.3778894432,0.009943532180217278
0.0006585,0.3778894432,0.021517666503264303
0.000659,0.3859296441,-0.015205316702394531
0.0006595,0.3778894432,0.0035681443165823962
0.00066,0.3859296441,0.018537109136300158
0.0006605000000000001,0.3859296441,-0.00022542956927114636
0.000661,0.3859296441,-0.024811581871211005
0.0006615,0.3798994934,-0.01173147435447907
0.000662,0.3859296441,0.011963208577956769
0.0006625,0.3859296441,-0.02266466276584815
0.000663,0.3819095437,0.004531490633086988
0.0006635,0.3879396943,0.004616229529245765
0.000664,0.3859296441,-0.0073847862019098594
0.0006644999999999999,0.3879396943,0.010884659329356956
0.000665,0.393969845,-0.010616286473655494
0.0006655000000000001,0.3879396943,-0.011466163693085911
0.000666,0.3859296441,0.023477640747904687
0.0006665,0.393969845,0.006140669400349921
0.0006670000000000001,0.3979899455,-0.006871603486884441
0.0006675,0.3919597948,-0.026078408733897142
0.000668,0.393969845,0.012730896033073464
0.0006685,0.393969845,0.012556440504938735
0.000669,0.3979899455,-0.017960214371655243
0.0006695,0.393969845,0.015255428776320041
0.00067,0.4020100459,0.005854587823289906
0.0006705,0.393969845,-0.020790763386885975
0.000671,0.393969845,0.02111501172630774
0.0006715,0.4020100459,0.004224787996990296
0.0006720000000000001,0.393969845,0.0020395456069141234
0.0006725,0.3959798953,-0.004644935982468772
0.000673,0.393969845,0.012894652585312144
0.0006735,0.4060301464,0.015134991860958699
0.000674,0.4020100459,-0.012946270956088314
0.0006745,0.3999999957,0.000760740661754284
0.000675,0.402010046,-0.008397456627215305
0.0006755,0.4020100459,0.022884732777797172
0.000676,0.4100502469,-0.01751733786136785
0.0006765,0.4020100459,-0.017269173647575464
0.000677,0.4020100459,0.023430416390995246
0.0006775,0.4100502469,0.012377210062477172
0.000678,0.4100502469,-0.004847581348300944
0.0006785000000000001,0.4100502469,-0.01020918084490002
0.000679,0.4060301464,0.00621719460698203
0.0006795,0.4100502469,0.01674664211374824
0.00068,0.4100502469,-0.005527693364929209
0.0006805,0.4080401966,-0.011606361136205976
0.000681,0.4060301464,0.02126593674959072
0.0006815,0.4120602971,0.008297103462545627
0.000682,0.4100502469,-0.003281815205723999
0.0006825,0.4100502469,0.013488237190138128
0.000683,0.4140703473,-0.0011135362066955427
0.0006835,0.4180904478,0.0045761008121552645
0.000684,0.4180904478,-0.029642859433582695
0.0006845,0.4100502469,-0.0220070976756966
0.0006850000000000001,0.4140703473,-0.01132429640188263
0.0006855,0.4100502469,-0.009411831705485589
0.000686,0.4100502469,0.004054478508323025
0.0006865,0.4160803975,-0.009147503591572055
0.000687,0.4100502469,-0.028916567117354266
0.0006875,0.4100502469,0.019040187844893634
0.000688,0.4180904478,0.02250390583187523
0.0006885,0.4180904478,-0.004859141823271528
0.000689,0.4180904478,0.015567851347566922
0.0006895,0.4221105483,-0.012374300418358585
0.0006900000000000001,0.4180904478,-0.011295418191723536
0.0006905,0.4180904478,0.001841943232610204
0.000691,0.4180904478,0.013777497204936207
0.0006915000000000001,0.4261306487,-0.0018702801128005588
0.000692,0.4180904478,-0.022876257877375183
0.0006925,0.4180904478,0.008813511023055436
0.000693,0.4221105482,-0.0030660354820430504
0.0006935,0.420100498,0.0005787670568734235
0.000694,0.4261306487,0.014084310513370182
0.0006945,0.4241205985,-0.00037562263088034226
0.000695,0.4261306487,-0.022073106198130042
0.0006955,0.4180904478,-0.007975147507486215
0.000696,0.4261306487,0.007518459771203717
0.0006965000000000001,0.4261306487,-0.01559946369005584
0.000697,0.4221105482,-0.013418817704383662
0.0006975,0.4261306487,0.02741566626915308
0.000698,0.4341708496,-0.011819966256079706
0.0006985,0.4261306487,0.010677791519304756
0.000699,0.4341708496,0.005301352938846862
0.0006995,0.4261306487,-0.03114386388141573
0.0007,0.4261306487,0.003057658668786472
0.0007005,0.4321607994,0.004121853714468635
0.000701,0.4261306487,-0.007482198986682245
0.0007015,0.4281406989,0.010897192098255208
0.000702,0.4261306487,0.03460253377171178
0.0007025,0.4341708496,0.01302459844838575
0.0007030000000000001,0.4301507492,-0.003427447200211328
0.0007035,0.4321607994,-0.012415129763212464
0.000704,0.4261306487,-0.003944167993136655
0.0007045,0.4341708496,-0.002927318900298649
0.000705,0.4261306487,-0.013811331468787713
0.0007055,0.4321607994,0.014398416709204153
0.000706,0.4341708496,0.002408603141965046
0.0007065,0.4321607994,-0.008464591238456515
0.000707,0.4261306487,0.022136909217828123
0.0007075,0.4341708496,0.015686939577634323
0.000708,0.4341708496,0.0017856653248742131
0.0007085,0.4402010003,-0.0024414616741878833
0.000709,0.4341708496,-0.010781755550282867
0.0007095000000000001,0.4321607994,-0.0045988396123028755
0.00071,0.4341708496,0.0213021951461426
0.0007105,0.4402010003,0.0013967303626546317
0.000711,0.4341708496,-0.005077330751048766
0.0007115,0.4361808998,0.019001299041316252
0.000712,0.4422110505,0.01673475502739338
0.0007125,0.4422110505,-0.018097889898918113
0.000713,0.4381909501,-0.01139470469858216
0.0007135,0.4341708496,-0.005871544870195778
0.000714,0.4422110505,0.0029384382461505425
0.0007145000000000001,0.4402010003,-0.019428402739626264
0.000715,0.4341708496,-0.005104276179191005
0.0007155,0.4341708496,0.011020742924291763
0.0007160000000000001,0.4341708496,-0.005620819819331419
0.0007165,0.4341708496,0.02527183955799345
0.000717,0.446231151,0.004702876444657134
0.0007175,0.4361808998,-0.012225032964794963
0.000718,0.4422110505,0.021569874848703968
0.0007185,0.446231151,-0.012490905884354754
0.000719,0.4422110505,0.013358545659344783
0.0007195,0.4482412012,-0.005277753412794043
0.00072,0.4422110505,-0.020091081745752897
0.0007205,0.4422110505,-0.01663925378446607
0.0007210000000000001,0.4381909501,-0.020831194024500795
0.0007215,0.4361808998,0.0018089776945705944
0.000722,0.4422110505,0.013383038082425712
0.0007225,0.4422110505,0.006115051260292111
0.000723,0.4422110505,-0.0027541241360292505
0.0007235,0.4422110505,-0.03212610690459796
0.000724,0.4341708496,0.020564827263428585
0.0007245,0.4442211008,0.012431689967871435
0.000725,0.4422110505,-0.013310705888284325
0.0007255,0.4381909501,0.004109673122699907
0.000726,0.4422110505,0.006607315919057907
0.0007265,0.4482412012,0.0023402016096971904
0.000727,0.446231151,4.179155085616646e-06
0.0007275000000000001,0.4482412012,0.025765744469597576
0.000728,0.4502512515,-0.008467272321508075
0.0007285,0.4482412012,0.001039582044118784
0.000729,0.4502512515,-0.030748144647366103
0.0007295,0.4422110505,-0.0016177210291428849
0.00073,0.4502512515,-0.004161345244588544
0.0007305,0.4442211008,-0.01189637320802331
0.000731,0.4422110505,-0.011443170930444477
0.0007314999999999999,0.4482412012,0.02472013771764877
0.000732,0.4502512515,0.007553755589208254
0.0007325000000000001,0.4502512515,-0.011268388795937393
0.000733,0.4422110505,-0.01765835134071851
0.0007335,0.4502512515,-0.008533270168061071
0.0007340000000000001,0.4422110505,-0.0016084047853416467
0.0007345,0.4482412012,0.017075379415844402
0.000735,0.446231151,-0.014943485701912524
0.0007355,0.4422110505,0.017244420075728427
0.000736,0.4502512515,0.01106196227217628
0.0007365,0.4502512515,0.00871310388832781
0.000737,0.4542713519,0.009955725432423287
0.0007375,0.4482412012,-0.016538973273150098
0.000738,0.4502512515,0.008112464375146112
0.0007385,0.4562814021,-0.021043968868493648
0.0007390000000000001,0.4422110505,-0.011816324925468843
0.0007395,0.4502512515,0.027642724337132343
0.00074,0.4582914524,-0.002007200614804837
0.0007405000000000001,0.4502512515,-0.02507199563873616
0.000741,0.4502512515,-0.014218574262132251
0.0007415,0.4482412012,-0.002478769032118198
0.000742,0.4502512515,0.0069710742564397625
0.0007425,0.4502512515,-0.0033895409261980114
0.000743,0.4502512515,-0.000781635633384444
0.0007435,0.4502512515,-0.00156458171937612
0.000744,0.4502512515,-0.017486894652180063
0.0007444999999999999,0.4422110505,-0.017005331136025405
0.000745,0.446231151,0.01358099956883994
0.0007455000000000001,0.4442211008,-0.013916563212452378
0.000746,0.4422110505,-0.009434052235704371
0.0007465,0.4482412012,0.0017383338709944813
0.000747,0.4502512515,-0.014274118394353984
0.0007475,0.4422110505,0.016202371722012235
0.000748,0.4582914524,0.01809769364130936
0.0007485,0.4522613017,-0.02242908717032486
0.000749,0.446231151,-0.028084507074976513
0.0007495,0.446231151,0.008632320392487758
0.00075,0.4502512515,0.012067190880303865
0.0007505000000000001,0.4482412012,1.09631046413608e-06
0.0007509999999999999,0.4502512515,0.014815494855321808
0.0007515,0.4562814022,-0.012201540688039681
0.0007520000000000001,0.4502512515,-0.00744400910665107
0.0007525,0.4502512515,-0.009339954149042751
0.000753,0.446231151,0.0011675735056111245
0.0007535,0.4502512515,0.0023151110831689872
0.000754,0.4422110505,0.0013678151373627667
0.0007545,0.4562814021,-0.0023665869208367926
0.000755,0.446231151,-0.029864992605277352
0.0007555,0.4422110505,-0.009830026543471714
0.0007559999999999999,0.4422110505,0.004193574597281207
0.0007565,0.4502512515,-0.002239344131198413
0.0007570000000000001,0.446231151,-0.0031719919319762474
0.0007575,0.4502512515,0.015358911582586114
0.000758,0.4502512515,-0.008209679287668286
0.0007585000000000001,0.4442211008,1.0272713967517458e-05
0.000759,0.446231151,0.013004290615333411
0.0007595,0.4502512515,-0.018296609392699205
0.00076,0.4422110505,-0.018227055827485142
0.0007605,0.4422110505,0.003428907574055257
0.000761,0.446231151,0.0030843937623877583
0.0007615,0.4482412012,0.015708227893321408
0.0007620000000000001,0.4502512515,-0.0092444159863595
0.0007624999999999999,0.4442211008,-0.0077622607577463535
0.000763,0.446231151,0.006965337203510595
0.0007635000000000001,0.4482412012,0.00932215581118176
0.000764,0.4502512515,0.010064008082178662
0.0007645,0.4502512515,-0.01996169022162427
0.0007650000000000001,0.446231151,-0.016542178747645988
0.0007655,0.4442211008,0.008736772609862668
0.000766,0.4502512515,-0.0019110134236958371
0.0007665,0.4442211008,-0.01998509674883984
0.000767,0.4422110505,0.013725319468237063
0.0007675,0.4482412012,0.024856086718054823
0.000768,0.4502512515,-0.009702927683029498
0.0007685000000000001,0.4422110505,-0.017416709907110216
0.0007689999999999999,0.446231151,0.02911125683164286
0.0007695,0.4482412012,-0.021536933275858417
0.0007700000000000001,0.4422110505,-0.02673557332093126
0.0007705,0.4361808999,0.009161199146816266
0.000771,0.4422110506,0.011251885310596668
0.0007715,0.4422110505,-0.014639296231916833
0.000772,0.4341708496,0.002032430553113907
0.0007725,0.4422110505,0.044727508792324754
0.000773,0.4502512515,-0.0014006832722292407
0.0007735,0.4361808998,-0.026703200140982465
0.000774,0.4422110505,0.020413559062852565
0.0007745,0.4422110505,0.005459825463023056
0.0007750000000000001,0.446231151,-0.006431820352774406
0.0007754999999999999,0.4402010003,-0.013642900227510628
0.000776,0.4422110505,-0.011864233612399631
0.0007765000000000001,0.4402010003,-0.004369266562486389
0.000777,0.4381909501,0.004268736875758079
0.0007775,0.4482412012,-0.01118981812406787
0.000778,0.4341708496,-0.024638492928154253
0.0007785,0.4422110505,0.00788638129629978
0.000779,0.4422110505,0.005750989872359162
0.0007795,0.4402010003,-0.010454260014784705
0.00078,0.4422110505,-0.011957911825107886
0.0007804999999999999,0.4361808999,-0.019334788035685526
0.000781,0.4422110505,0.0029256287711078603
0.0007815000000000001,0.4361808998,-0.01200547325577839
0.000782,0.4422110505,0.010497525713360972
0.0007825,0.4361808999,-0.0024372588044754336
0.0007830000000000001,0.4381909501,0.006934783474148392
0.0007835,0.4402010003,0.012034510868265604
0.000784,0.4422110505,0.0074235504066136725
0.0007845,0.4422110505,-0.02345760088963654
0.000785,0.4381909501,-0.009981966486099584
0.0007855,0.4402010003,-0.0166088099361572
0.000786,0.4341708496,-0.023008323259840636
0.0007865000000000001,0.4341708496,-0.01106627143434447
0.0007869999999999999,0.4341708496,0.008703667615813163
0.0007875,0.4341708496,-0.029934931007643342
0.0007880000000000001,0.4261306487,0.007008050353271936
0.0007885,0.4341708496,0.012812158475948614
0.000789,0.4301507492,-0.006885800261931761
0.0007895,0.4341708496,-0.01995455268035092
0.00079,0.4261306487,-0.0029896247109414843
0.0007905,0.4341708496,-0.017291482142699658
0.000791,0.4261306487,0.001793597443655157
0.0007915,0.4281406989,0.03868901945547483
0.000792,0.4422110505,0.010684935016397652
0.0007925,0.4341708496,-0.029346546039649778
0.0007930000000000001,0.4261306487,-0.025810995613765323
0.0007934999999999999,0.4281406989,0.009998795673116855
0.000794,0.4341708496,-0.007466610806633098
0.0007945000000000001,0.4261306487,-0.03268523221593578
0.000795,0.4261306487,0.012774170567171159
0.0007955,0.4321607994,-0.010836640244031344
0.000796,0.4180904478,-0.00815893435919334
0.0007965,0.4321607994,0.015949367302197842
0.000797,0.4221105482,0.01722587270138948
0.0007975,0.4321607994,0.011043824425786513
0.000798,0.4261306487,-0.013199446883393466
0.0007985,0.4261306487,0.0035553704980130457
0.000799,0.4261306487,0.013791371753742468
0.0007995000000000001,0.4261306487,-0.020998663001952526
0.0007999999999999999,0.4180904478,-0.00141094457361228
0.0008005,0.4241205985,0.018820059593147316
0.0008010000000000001,0.4261306487,-0.003534760807904311
0.0008015,0.4180904478,0.002313844871265107
0.000802,0.4261306487,0.02184145441737474
0.0008025,0.4261306487,-0.0021708548641212848
0.000803,0.4221105482,-0.0012316465819141682
0.0008035,0.4241205985,-0.009565919756548193
0.000804,0.4180904478,-0.011440251957755219
0.0008045,0.4180904478,0.005160720961681804
0.0008049999999999999,0.4180904478,0.009422221606661889
0.0008055,0.4180904478,-0.013300703083459875
0.0008060000000000001,0.4180904478,0.021278357267345137
0.0008065,0.4261306487,-0.00361107409346427
0.000807,0.4180904478,-0.012805201314698894
0.0008075000000000001,0.420100498,-0.004999237480058458
0.000808,0.4180904478,0.002118675287635442
0.0008085,0.4221105482,-0.0113324611100451
0.000809,0.4140703473,-0.019113587614019736
0.0008095,0.4160803976,-0.0004863958065192582
0.00081,0.4180904478,-0.006878861014474429
0.0008105,0.4120602971,-0.011958279430157408
0.0008110000000000001,0.4140703473,0.01124415723105822
0.0008114999999999999,0.4180904478,-0.0013115149601119307
0.000812,0.4100502469,-0.047087129486279106
0.0008125000000000001,0.4020100459,0.0013211606093448199
0.000813,0.4100502469,0.026687817620889988
0.0008135,0.4100502469,-0.030387521806047018
0.000814,0.4020100459,-0.006918856740090226
0.0008145,0.4080401966,0.008362226575719344
0.000815,0.4060301464,0.0022771833975511694
0.0008155,0.4040200962,-0.009109067473799512
0.000816,0.4020100459,0.01731063499862028
0.0008165,0.4100502469,0.007278193393078595
0.000817,0.4020100459,-0.019084661399458323
0.0008175000000000001,0.3999999957,0.012613483178067156
0.0008179999999999999,0.4100502469,0.013053981754421642
0.0008185,0.4040200962,-0.01387170255638146
0.0008190000000000001,0.4060301464,0.007358851514341098
0.0008195,0.4060301464,-0.00038483723530122194
0.00082,0.4020100459,-0.013324810591498022
0.0008205,0.3999999957,-0.004358144334388522
0.000821,0.4020100459,-0.006022755038593979
0.0008215,0.4020100459,-0.02688511576858638
0.000822,0.393969845,-0.011027175399698708
0.0008225,0.3999999957,0.005202593152013137
0.000823,0.4020100459,-0.014565842115434704
0.0008235,0.393969845,-0.012747124828439288
0.0008240000000000001,0.393969845,0.018681176338734624
0.0008244999999999999,0.3999999957,0.006908358971476289
0.000825,0.3979899455,-0.02489314827415483
0.0008255000000000001,0.3919597948,-0.027220524945645898
0.000826,0.393969845,0.0016686886205186657
0.0008265,0.3999999957,-0.011773529302710597
0.000827,0.393969845,-0.025961186065429277
0.0008275,0.3859296441,-0.004458989199915442
0.000828,0.393969845,-0.0060088912320173556
0.0008285,0.3859296441,-0.013422162201885749
0.000829,0.3859296441,0.0020583118295178053
0.0008294999999999999,0.3919597948,-0.003515826992080919
0.00083,0.3859296441,-0.007311396870637952
0.0008305000000000001,0.3919597948,-0.009776176681046836
0.000831,0.3859296441,0.008323251050745006
0.0008315,0.3879396943,-0.01542290343291295
0.0008320000000000001,0.3778894432,-0.014877978535506192
0.0008325,0.3859296441,0.011784969199170183
0.000833,0.3819095436,-0.010302313829475
0.0008335,0.3839195939,-0.009308142540669827
0.000834,0.3778894432,0.00688046732459701
0.0008345,0.3859296441,0.0004069972715346755
0.000835,0.3778894432,-0.004441276975453004
0.0008355000000000001,0.3778894432,0.020258148543908817
0.0008359999999999999,0.3859296441,0.005079286850632839
0.0008365,0.3798994934,-0.0330091904892756
0.0008370000000000001,0.3738693427,-0.0013798329377040339
0.0008375,0.3798994934,-0.0014222328019887261
0.000838,0.3778894432,-0.011395814897711045
0.0008385,0.3839195939,-0.00833226332947511
0.000839,0.3738693427,-0.01600603679155496
0.0008395,0.375879393,-0.0019386631139306464
0.00084,0.3778894432,-0.01854397855772915
0.0008405,0.3698492423,-0.03319406088210106
0.000841,0.3698492423,-0.0063363380270885636
0.0008415,0.3698492423,-0.002053474136039074
0.0008420000000000001,0.3698492423,0.0014067564827017068
0.0008424999999999999,0.3698492423,-0.01314808381427193
0.000843,0.3658291418,-0.006825282643292031
0.0008435000000000001,0.367839192,0.018139742139897018
0.000844,0.3618090414,-0.004527905035730159
0.0008445,0.3638190916,-0.020050335763421277
0.000845,0.3618090414,0.0076736567262494695
0.0008455,0.3618090414,0.02081756397414272
0.000846,0.3698492423,0.006723084263618587
0.0008465,0.3618090414,-0.030446757247677186
0.000847,0.3618090414,-0.01584333448831759
0.0008475,0.3597989911,-0.010449895313827983
0.000848,0.3618090413,-0.012534890159688844
0.0008485000000000001,0.3597989911,-0.0074129753050760335
0.000849,0.3618090414,0.006432724652439001
0.0008495,0.3597989911,-0.018614855755222978
0.0008500000000000001,0.3537688404,-0.0067980329346637395
0.0008505,0.3557788907,0.0016880762766934368
0.000851,0.3537688404,-0.008939940054792884
0.0008515,0.3477386897,0.021983487722540343
0.000852,0.3618090413,0.0031207708529602286
0.0008525,0.3537688404,-0.01916415841080577
0.000853,0.3537688404,-0.01131927619438741
0.0008535,0.3537688404,-0.012520702597444477
0.0008539999999999999,0.3537688404,-0.019715844720151476
0.0008545,0.3477386897,-0.03598253752482725
0.0008550000000000001,0.3457286395,0.017683671606326976
0.0008555,0.3517587902,0.005006931003634643
0.000856,0.3457286395,-0.01365725174008792
0.0008565000000000001,0.3457286395,0.003036757827722218
0.000857,0.3457286395,-0.0007855038930902236
0.0008575,0.3457286395,0.001665635906951045
0.000858,0.3457286395,-0.008044803173100894
0.0008585,0.3437185893,-0.03586130356903086
0.000859,0.3376884386,-0.026392957642122433
0.0008595,0.3396984888,-0.027630176357775746
0.0008600000000000001,0.3296482377,0.011934546829997833
0.0008604999999999999,0.3457286395,-0.0008053989593160907
0.000861,0.3376884386,-0.04187297641402134
0.0008615000000000001,0.3316582879,-0.008807682677080193
0.000862,0.3296482377,0.0025718835891074265
0.0008625,0.3376884386,0.028619175571579267
0.000863,0.3376884386,0.0026375916522522204
0.0008635,0.3376884386,0.0012029279309769552
0.000864,0.3376884386,0.013852201368041508
0.0008645,0.341708539,-0.018118774271017008
0.000865,0.3296482377,-0.027093695449383313
0.0008655,0.3296482377,-0.0023637129912427585
0.000866,0.3296482377,0.007778375303424952
0.0008665000000000001,0.3316582879,0.0016371654599189563
0.0008669999999999999,0.3296482377,-0.018026327336359255
0.0008675,0.3276381875,0.00286325344865872
0.0008680000000000001,0.3296482377,-0.025186509973005262
0.0008685,0.3216080368,-0.02626489674114949
0.000869,0.3216080368,-0.003525867806106771
0.0008695,0.3175879363,-0.013198516917053623
0.00087,0.3216080368,0.009624889135892732
0.0008705,0.3216080368,0.002055505544592332
0.000871,0.3216080368,-0.00877928153857539
0.0008715,0.3195979865,-0.014708486285278601
0.0008719999999999999,0.3135678358,-0.008494659845195034
0.0008725,0.3115577856,0.01577453139609302
0.0008730000000000001,0.3135678358,-0.0050280074054539475
0.0008735,0.3135678358,-0.0049541703785604355
0.000874,0.3135678358,-0.007316487081318853
0.0008745000000000001,0.3135678358,0.0056550917296608
0.000875,0.3135678358,-0.019983230626648266
0.0008755,0.3075376851,-0.045480573830765
0.000876,0.297487434,-0.014612124223319516
0.0008765,0.3055276349,0.026787566457204176
0.000877,0.3095477354,0.000842759763134209
0.0008775,0.3055276349,-0.004172498804799841
0.0008780000000000001,0.3055276349,-0.0035882357349381784
0.0008784999999999999,0.3035175847,-0.031230657217963496
0.000879,0.297487434,-0.008638255645613505
0.0008795000000000001,0.297487434,-0.005481510439665348
0.00088,0.2894472331,-0.01005102549373775
0.0008805,0.297487434,0.010167523787477048
0.0008810000000000001,0.297487434,-0.004744860075228978
0.0008815,0.297487434,0.001140351494991212
0.000882,0.297487434,-0.008704150183157002
0.0008825,0.297487434,-0.013884824705406515
0.000883,0.2934673335,-0.010865747696481996
0.0008835,0.2894472331,-0.0064360796132084674
0.000884,0.2894472331,0.026870314774048602
0.0008845000000000001,0.297487434,-0.009213596086216299
0.0008849999999999999,0.2894472331,-0.029250319126745805
0.0008855,0.2834170824,-0.018795102978612074
0.0008860000000000001,0.2814070322,-0.011590040660658853
0.0008865,0.2834170824,-0.0115604803652174
0.000887,0.2814070322,-0.011070562180650126
0.0008875,0.2814070322,0.002278428577646798
0.000888,0.2814070322,-0.030514917644050458
0.0008885,0.2733668312,-0.019505630782549292
0.000889,0.2733668312,0.01611651500833852
0.0008895,0.2814070322,-0.004406454935472843
0.00089,0.2733668313,-0.011568744746610475
0.0008905,0.2814070322,-0.021332818761526325
0.0008910000000000001,0.2733668312,-0.005524230497516269
0.0008914999999999999,0.2753768815,-0.004864298347497464
0.000892,0.2733668312,-0.012523079606606473
0.0008925000000000001,0.2733668312,-0.019355531795113283
0.000893,0.2693467308,-0.030493956126813816
0.0008935,0.2653266303,-0.0019649508367839573
0.000894,0.2653266303,-0.003406046434010801
0.0008945,0.2653266303,0.007379113426180596
0.000895,0.2653266303,-0.00715114963629705
0.0008955,0.2653266303,0.001249665387798936
0.000896,0.2653266303,-0.010666413354387411
0.0008964999999999999,0.2633165801,-0.01109857550917404
0.000897,0.2572864294,-0.013561307092711571
0.0008975000000000001,0.2592964796,-0.01027632868386171
0.000898,0.2572864294,-0.00906165437219943
0.0008985,0.2572864294,-0.011165213220764436
0.0008990000000000001,0.253266329,0.003965219413148591
0.0008995,0.2572864294,-0.009273599042374896
0.0009,0.2572864294,-0.0080616666860379
0.0009005,0.2492462285,-0.02863154845935494
0.000901,0.245226128,0.02566307464715042
0.0009015,0.2572864294,-0.009450891703824531
0.000902,0.2412060276,-0.01885617021638112
0.0009025000000000001,0.2492462285,0.01828511543804548
0.0009029999999999999,0.245226128,-0.03340698752913594
0.0009035,0.2412060276,0.015861349541822847
0.0009040000000000001,0.2492462285,0.008992710579952726
0.0009045,0.2412060276,-0.024248017562899515
0.000905,0.2412060276,-0.001771696214030295
0.0009055000000000001,0.2412060276,-0.005452438431567936
0.000906,0.2412060276,-0.019509053696297098
0.0009065,0.2331658266,0.001362079805917694
0.000907,0.2371859271,0.0038589277757986014
0.0009075,0.2331658266,-0.021602854681584894
0.000908,0.2331658267,0.0030780613647455437
0.0009085,0.2311557764,-0.005130986570369899
0.0009090000000000001,0.2331658266,-0.022289349217149285
0.0009094999999999999,0.2251256257,-0.01736576561627913
0.00091,0.2251256257,-0.01577879960031856
0.0009105000000000001,0.2251256257,0.02071347880857676
0.000911,0.2291457262,-0.009318612555349331
0.0009115,0.2251256257,-0.01492188872097713
0.000912,0.2251256257,-0.005454372678660584
0.0009125,0.2251256257,-0.02936168326401288
0.000913,0.2170854248,-0.016519056773829595
0.0009135,0.2170854248,-0.0006490768067121477
0.000914,0.2170854248,0.002154363619538078
0.0009145,0.2170854248,-0.0036637909367940296
0.000915,0.2130653244,0.01742094062945916
0.0009155000000000001,0.2231155755,-0.006822880350813031
0.0009159999999999999,0.2090452239,-0.04023771407024646
0.0009165,0.2090452239,0.005240165189378964
0.0009170000000000001,0.2130653243,-0.0004782697110449008
0.0009175,0.2110552741,-0.01799270893706177
0.000918,0.2090452239,-0.0038149082887761108
0.0009185,0.2090452239,-0.005783233718574199
0.000919,0.2090452239,-0.004682773461016527
0.0009195,0.2090452239,-0.014262066387820915
0.00092,0.201005023,0.007049613892210864
0.0009205,0.2090452239,-0.003975822886712153
0.0009209999999999999,0.1969849225,-0.014738321940288027
0.0009215,0.201005023,0.010275998083152965
0.0009220000000000001,0.201005023,-0.019095159658242516
0.0009225,0.1949748723,0.0004035344420768479
0.000923,0.1969849225,0.018634875890973148
0.0009235000000000001,0.2070351737,-0.008964486766168253
0.000924,0.1929648221,-0.03341701798578067
0.0009245,0.1929648221,0.014469314361673776
0.000925,0.1929648221,0.0026711307274960186
0.0009255,0.1929648221,0.006493022114664626
0.000926,0.192964822,-0.02414193816399915
0.0009265,0.1849246211,-0.00870396209009339
0.0009270000000000001,0.1849246211,-0.0010400992731718357
0.0009274999999999999,0.1849246211,-0.008743876008238047
0.000928,0.1849246211,0.0034870315031827236
0.0009285000000000001,0.1849246211,0.0012257595061821135
0.000929,0.1768844202,-0.020789005749584585
0.0009295,0.1768844202,-0.009633073155544762
0.00093,0.1768844202,0.005225569814302049
0.0009305,0.17487437,-0.012172273715579125
0.000931,0.1728643198,-0.017731962008610068
0.0009315,0.1708542695,-0.02656954720978014
0.000932,0.1608040184,0.016957062122787425
0.0009325,0.1768844202,0.015939931183003464
0.000933,0.1728643198,0.00060024113637095
0.0009335000000000001,0.1768844202,-0.022399291269839333
0.0009339999999999999,0.1608040184,-0.023442640816322614
0.0009345,0.1628140686,-0.004580617955613757
0.0009350000000000001,0.1648241188,-0.01098779819642218
0.0009355,0.1608040184,-0.012964688273458048
0.000936,0.1608040184,-0.01695243913213012
0.0009365,0.1608040184,0.0018356055815398425
0.000937,0.1608040184,-0.011505984361413963
0.0009375,0.1608040184,-0.0103112829449491
0.000938,0.1527638175,-0.015061669612077886
0.0009385,0.1527638175,0.013131871463502852
0.000939,0.1527638175,-0.005464139935309862
0.0009395,0.1527638175,0.007513570890253651
0.0009400000000000001,0.1527638175,-0.0009893127254491103
0.0009404999999999999,0.1527638175,-0.026148652875957922
0.000941,0.1407035161,-0.005480877056299742
0.0009415000000000001,0.1507537672,0.017810787861944385
0.000942,0.1447236165,-0.006232901784081231
0.0009425,0.1427135663,0.010289550607121488
0.000943,0.1447236165,-0.0023939001156821123
0.0009435,0.1447236165,0.0042094492155191785
0.000944,0.1447236165,-0.018967890492046256
0.0009445,0.1366834156,-0.012204342648810575
0.000945,0.1366834156,-0.00608074864712873
0.0009454999999999999,0.1366834156,-0.0032584874304566647
0.000946,0.1366834156,-0.02811072639616082
0.0009465000000000001,0.1286432147,-0.014055251604112931
0.000947,0.1326633152,0.006674667040745928
0.0009475,0.1306532649,-0.027827439088853087
0.0009480000000000001,0.1286432147,-0.004118643308671322
0.0009485,0.1286432147,-0.01737874411584379
0.000949,0.1286432147,-0.0011303514040708024
0.0009495,0.1286432147,-0.015044510042287181
0.00095,0.1206030138,-0.004261242945513408
0.0009505,0.1266331645,-0.00340051401631821
0.000951,0.1206030138,-0.000983090421051637
0.0009515000000000001,0.1206030138,-0.004366721165722605
0.0009519999999999999,0.1206030138,-0.005172846702024398
0.0009525,0.1185929635,-0.013352613814541628
0.0009530000000000001,0.1206030138,-0.016618346963489045
0.0009535,0.1125628129,-0.016695367011121957
0.000954,0.1125628129,-0.008393898122157292
0.0009545,0.1065326622,-0.017537783652963043
0.000955,0.1085427124,0.024489827444776627
0.0009555,0.1125628129,0.006529155323343701
0.000956,0.1125628129,-0.020704627085103136
0.0009565,0.1045226119,-0.019290851411101664
0.000957,0.1045226119,0.02480300521952787
0.0009575,0.1105527626,0.008123414754920797
0.0009580000000000001,0.104522612,-0.029341424624259854
0.0009584999999999999,0.0984924613,-0.0035453559613608894
0.000959,0.1005025115,0.004838866126804803
0.0009595000000000001,0.1025125617,-0.00935240065177714
0.00096,0.096482411,0.007734402972331072
0.0009605,0.1025125617,-0.01204686251607193
0.000961,0.0924623106,-0.02249485032317959
0.0009615,0.0904522603,-0.013846348799504273
0.000962,0.0884422101,-0.007069120325680462
0.0009625,0.0884422101,0.00324388057423391
0.000963,0.0884422101,-0.004070579591737107
0.0009635,0.0884422101,0.01809647741457966
0.000964,0.0884422101,-0.022883890608006184
0.0009645000000000001,0.0824120594,-0.013883605808552428
0.000965,0.0884422101,-0.012609042960159259
0.0009655,0.0804020092,-0.007656010426086374
0.0009660000000000001,0.0804020092,-0.0053528860597791515
0.0009665,0.0804020092,-0.012325275105445541
0.000967,0.0763819087,0.003291890051128548
0.0009675,0.078391959,-0.0054281038980314965
0.000968,0.0723618083,-0.003529420820516072
0.0009685,0.0723618083,0.005658532975686411
0.000969,0.0763819087,-0.0248565414485888
0.0009695,0.0643216074,-0.014944639653230393
0.0009699999999999999,0.0723618083,0.0045843173091121075
0.0009705,0.0663316576,0.0010676449798421653
0.0009710000000000001,0.0683417078,-0.014828458625659846
0.0009715,0.0582914567,-0.03411310269602823
0.000972,0.0562814064,0.004944381735450524
0.0009725000000000001,0.0582914567,0.0014824475351481897
0.000973,0.0562814064,0.019061688359038195
0.0009735,0.0623115571,-0.014157476189961634
0.000974,0.0562814064,-0.013746574692236516
0.0009745,0.0562814064,0.015294005904795644
0.000975,0.0562814064,-0.004114531992731055
0.0009755,0.0542713562,-0.009224302828277006
0.0009760000000000001,0.0482412055,0.005991857086457594
0.0009764999999999999,0.0542713562,0.014804975118457289
0.000977,0.052261306,-0.01284061011097403
0.0009775,0.0482412055,-0.027530856266444675
0.0009780000000000001,0.0402010046,-0.0030137526028067483
0.0009785,0.0462311553,0.014951191473469641
0.000979,0.0442211051,-0.0007777322753092699
0.0009795,0.0402010046,-0.006672051486141748
0.00098,0.0402010046,-0.007204661529865036
0.0009805,0.0402010046,0.005832254593928797
0.000981,0.0361809041,-0.014957353274083908
0.0009815,0.0321608037,-0.0015409501332004551
0.000982,0.0402010046,0.0167808355904676
0.0009825,0.0321608037,-0.023098449472089937
0.000983,0.0321608037,-0.007346358351957156
0.0009835,0.0321608037,-0.01708481216428523
0.000984,0.0241206028,-0.013151578802960842
0.0009845000000000001,0.026130653,0.0017739551860320897
0.000985,0.0241206028,-0.027057659373158256
0.0009855,0.0160804018,0.00231385537682691
0.000986,0.0241206028,0.022862219186420823
0.0009865,0.0241206028,-0.021154262942026464
0.000987,0.0201005023,-0.01382736224817542
0.0009875,0.0160804018,0.011552346095406878
0.000988,0.0241206027,0.009573022163644284
0.0009885,0.0140703516,-0.030883880989092657
0.0009889999999999999,0.0080402009,-0.006532046460408901
0.0009895,0.0140703516,0.011402701032206117
0.00099,0.0080402009,-0.012548211331657394
0.0009905,0.0080402009,-0.002413289947812594
0.0009910000000000001,0.0080402009,-0.015402105403337061
0.0009915,0.0020100502,-0.0021051671732183926
0.000992,0.0080402009,-0.008394038809498128
0.0009925,0.0,-0.03326334785364613
0.000993,0.0,0.0017760810471242484
0.0009935,0.0,0.007481247964677015
0.000994,0.0,0.0069397343298082115
0.0009945000000000002,0.0,-0.006807306444544369
0.000995,0.0,-0.009849621528458755
0.0009954999999999999,0.0,0.008600709552405873
0.000996,-0.0,-0.0067170546151549895
0.0009965,-0.0080402009,-0.016164412069829777
0.000997,-0.0040201005,0.008684886373493496
0.0009975000000000001,-0.0080402009,-0.012879687756666112
0.000998,-0.0160804018,-0.009723666528015392
0.0009985,-0.0140703516,0.00013234713995076116
0.0009989999999999999,-0.0160804018,0.01917717047629896
0.0009995,-0.0080402009,0.03488850161013884
